Store,mean_sales_no_promo,mean_sales_promo,promo_uplift_pct,StoreType,Assortment
1,4319.756380510441,5300.111428571428,22.69468372068575,c,a
2,3864.288372093023,6277.440677966101,62.447521341841195,a,a
3,5382.613053613054,8854.628571428571,64.50427484258678,a,a
4,8870.354988399073,10576.15864022663,19.230387668345394,c,c
5,3511.4065420560746,6096.683760683761,73.62511824432323,a,a
6,4578.637850467289,6642.332386363636,45.07223771117275,a,a
7,7419.0162037037035,10523.127118644068,41.83992634213061,a,c
8,4250.443155452436,7113.076487252125,67.34905578321933,a,a
9,5735.0,7576.417142857143,32.108407024536056,a,c
10,4961.496519721578,6309.453257790368,27.16834996680464,a,a
11,7048.814385150812,9230.16147308782,30.946297756574225,a,c
12,6199.721577726218,9286.586402266288,49.7903782587636,a,c
13,3921.005763688761,6445.215328467153,64.37658388963176,d,a
14,4538.3216783216785,6697.811428571428,47.58344390978368,a,a
15,5680.881670533643,7883.9943342776205,38.781175027309175,d,c
16,6462.603729603729,9182.281609195403,42.083314920477676,a,c
17,4620.797202797203,8419.733711048159,82.21387655686915,a,a
18,5479.997668997669,7873.1388101983,43.67047735694298,d,c
19,5245.25641025641,7959.868571428571,51.75365985662956,a,c
20,6819.333333333333,8960.940959409594,31.404941236820715,d,a
21,4276.174825174825,6969.206896551724,62.977595198456335,c,c
22,3794.751445086705,5452.461538461538,43.684286503696335,a,a
23,4479.888111888112,6795.505714285714,51.68918384931833,d,a
24,7818.172494172494,11312.797142857144,44.69874067487603,a,c
25,9616.736714975845,13003.633136094675,35.2187703739931,c,a
26,5394.02331002331,8224.447592067989,52.47334168514091,d,a
27,7555.869463869464,11835.26,56.63663932514527,a,a
28,4064.8364928909955,6778.191977077364,66.75189737475944,a,a
29,6175.613053613054,8822.34857142857,42.85785872330585,d,c
30,4449.983682983683,6336.2155172413795,42.38738765426193,a,a
31,5173.250580046404,6703.886685552408,29.587511407426838,d,c
32,3162.979827089337,5213.733576642336,64.83613116939036,a,a
33,7598.468531468531,9464.042857142857,24.551978045946733,a,c
34,7166.628770301624,9087.444759206799,26.802225292664804,c,a
35,7756.097902097902,12089.505714285715,55.87097876904949,d,c
36,8805.244252873563,10072.839416058394,14.39591142257246,a,c
37,6305.843822843823,8102.125356125356,28.485981951761108,c,a
38,4938.296037296037,7311.68,48.06078746148863,d,a
39,3644.6666666666665,6333.117142857142,73.76396038569078,a,a
40,4492.89953271028,5405.902298850575,20.321014513973303,a,a
41,4827.537356321839,5979.649635036496,23.865424411598248,d,c
42,8583.531468531468,12132.665714285715,41.34818237418845,a,c
43,5495.5944055944055,8449.828571428572,53.75640827545087,d,a
44,4367.661252900232,6834.793201133144,56.48633914992096,a,a
45,4679.414918414918,6168.54,31.82289041574242,d,a
46,4340.873563218391,6636.86496350365,52.89238138009657,c,a
47,6035.245939675174,8500.195467422096,40.842569671313015,a,c
48,3404.6519721577724,4582.4617563739375,34.594131613097076,a,a
49,6452.7086247086245,8353.689655172413,29.460202544782167,d,c
50,3562.853146853147,5105.757142857143,43.30529304489437,d,a
51,6120.206896551724,7380.2773722627735,20.588690823851152,a,c
52,6406.045977011494,8680.430656934306,35.50372083005004,d,c
53,4399.294663573086,6321.56657223796,43.69500239621627,a,c
54,7158.327146171694,8819.714689265536,23.20915919555815,d,c
55,3646.1308411214955,5757.579545454545,57.90929608229855,a,a
56,6654.763341067285,8143.105714285714,22.365068401962596,d,c
57,8542.175355450237,13077.112068965518,53.08878037281002,d,c
58,5327.899425287356,7612.0654545454545,42.871793307827,a,c
59,4277.344988344988,6988.796033994335,63.39098326269153,a,c
60,6274.380841121495,10171.514204545454,62.11183959192661,d,c
61,4201.522144522144,5363.635057471264,27.6593309037835,a,c
62,5343.4428904428905,7926.214285714285,48.33534199253548,a,a
63,6031.865429234339,8085.195467422096,34.041376789276256,c,c
64,8948.587412587412,12088.931428571428,35.09318142846425,d,c
65,4018.4149184149182,6450.592592592592,60.52579744893685,a,c
66,5563.722610722611,6793.163793103448,22.097456476557852,d,a
67,6290.410256410257,9725.55459770115,54.60922580987943,a,c
68,7320.276102088167,7859.917847025496,7.371876926655685,a,c
69,8207.155452436195,10927.92857142857,33.15123168752394,c,c
70,5593.1554524361945,7854.210826210826,40.42539838204908,c,c
71,7301.184149184149,11218.248571428572,53.649714104007714,a,a
72,3182.925287356322,5985.52,88.05091102127192,a,a
73,3754.4547563805104,5581.249291784702,48.65671992183805,a,c
74,5251.345794392523,7493.014367816092,42.68750642582442,a,a
75,5581.918793503481,6562.552407932011,17.56803799384974,d,c
76,7939.313218390805,10341.225454545454,30.25340064164248,d,c
77,6519.262180974478,8978.802857142857,37.72728581688571,d,c
78,3014.7902097902097,4576.307692307692,51.79522865128794,a,a
79,4428.074592074592,6763.91091954023,52.75060929746618,a,a
80,6773.300699300699,8649.517142857143,27.700179378573164,d,a
81,6706.902298850575,7339.766423357664,9.43601227970101,a,a
82,7073.160839160839,11405.497142857143,61.25035754468002,a,a
83,3329.2517482517483,4572.211428571429,37.33450559791345,a,a
84,11140.724941724942,15181.002857142857,36.26584388854277,a,c
85,7100.609965635739,7550.269444444444,6.332688050532087,b,a
86,3773.16317016317,5828.194842406877,54.46442625365808,a,a
87,4837.264501160093,7120.186968838527,47.19449323333331,a,a
88,4351.846153846154,8068.706552706552,85.40881886588392,a,a
89,5214.781609195402,6932.2226277372265,32.93409287770368,a,a
90,7310.189252336449,9769.957142857143,33.64848440462078,a,a
91,4751.9510489510485,6551.051575931232,37.86024957848249,c,a
92,4845.848484848485,7407.28,52.858266682508614,c,a
93,4681.855477855478,7538.16,61.007960105869195,a,a
94,5767.997668997669,8779.714285714286,52.21424815936129,d,c
95,6028.530373831775,9596.173295454546,59.17931403495862,a,a
96,3638.345794392523,7047.616477272727,93.70386641463895,a,a
97,5370.133177570094,8324.522727272728,55.015200778306436,d,c
98,4415.606060606061,5960.825714285715,34.99450885044681,d,c
99,4461.712643678161,5979.956204379562,34.02826855854586,c,c
100,7417.287390029325,8668.449056603773,16.868183754836295,d,a
101,6508.993039443156,8643.082152974504,32.78677824049294,d,c
102,5610.2981220657275,8852.663768115943,57.79310787955716,a,a
103,4195.72,5304.523131672598,26.427004940096044,d,c
104,9795.006960556844,10531.322946175638,7.5172584213961,a,a
105,3625.298076923077,5445.760355029586,50.21551992358106,a,c
106,7523.108490566037,10052.811965811965,33.62577421843871,a,a
107,6746.16241299304,8057.478753541077,19.43795983954455,a,a
108,10292.034482758621,11979.43795620438,16.395237270847886,d,c
109,5667.9953596287705,7436.611898016997,31.203563626489327,a,c
110,3970.709976798144,5222.711048158641,31.530912070542882,a,c
111,5800.856148491879,7967.325714285715,37.347410629327186,d,c
112,5954.605568445476,6565.022662889518,10.25117595829943,a,a
113,6664.908045977011,7877.510948905109,18.19384295421802,d,c
114,4643.655813953488,6200.370056497175,33.52346308410701,c,a
115,7008.5948275862065,7832.846715328467,11.760586936741735,d,c
116,6405.018604651163,8378.104815864022,30.805315846858818,a,a
117,3172.214452214452,4751.897142857143,49.79747474323337,a,a
118,6509.002325581396,9336.207386363636,43.43530574064911,d,c
119,5134.23897911833,7068.356940509915,37.6709765411761,a,c
120,5990.264501160093,8489.102857142858,41.71499197571047,d,a
121,3583.9929906542056,5510.014204545455,53.73953629132746,a,a
122,5686.346516007533,7625.516949152542,34.10222060308996,a,c
123,6432.355450236967,10798.078034682081,67.87128942453393,a,a
124,3805.4195804195806,5182.528571428571,36.1880986289862,a,a
125,10171.257540603248,13870.473087818697,36.3693037212786,a,a
126,5363.282051282052,7910.548571428571,47.494547103626886,d,a
127,4308.94540229885,6414.0254545454545,48.85371838602388,d,a
128,6425.981438515081,8721.431428571428,35.72139154181529,d,c
129,8012.795977011494,10726.2700729927,33.86426041254631,a,a
130,4552.879350348027,5820.74,27.84744668349395,c,a
131,4565.310023310023,6145.777142857143,34.61905350299126,c,a
132,5586.899425287356,7167.678832116789,28.294395271812633,d,c
133,5053.636363636364,8186.339943342776,61.98909763765161,a,a
134,4150.447795823666,5428.487252124646,30.792808852745758,a,a
135,5308.454756380511,6745.408571428571,27.06915441486828,d,a
136,4482.0,6767.551094890511,50.99400033222916,a,c
137,7324.333333333333,9482.37591240876,29.464013731517213,a,a
138,5597.7336448598135,9447.176136363636,68.76787528178694,a,c
139,5360.640804597701,7865.686131386861,46.73033351984037,a,a
140,6498.53596287703,8664.168571428572,33.32493073705749,a,c
141,4594.841491841492,6706.807471264367,45.96384844118866,c,c
142,3998.016317016317,5346.685714285714,33.73346405639228,a,a
143,5106.613053613054,7795.594285714285,52.65684327107398,d,a
144,6823.51282051282,8864.328467153284,29.908577888289024,a,c
145,6998.825958702065,10035.293680297398,43.3853869136424,a,a
146,6590.596736596736,9310.94,41.276129797132754,d,c
147,7153.48951048951,9510.674285714285,32.951537452711996,d,c
148,7693.285382830626,9793.606232294618,27.300701130252513,a,a
149,4569.364942528736,6835.167883211679,49.5868237529967,d,a
150,7258.879350348027,9831.55807365439,35.44181683062435,c,c
151,5629.128205128205,8132.763532763533,44.476431099126245,d,c
152,4187.4055944055945,7202.211428571429,71.99698634862688,a,a
153,5142.480186480187,9425.494285714285,83.28693439586479,a,a
154,7508.419953596288,10251.18857142857,36.52923830557169,d,c
155,6024.563218390805,7978.04,32.42520180792425,d,a
156,4995.242424242424,9351.334277620397,87.20481376914586,a,a
157,8134.337995337995,11669.78,43.463180491003214,a,c
158,7677.941724941725,8743.888571428572,13.88323700118912,d,c
159,6359.310344827586,9506.701818181818,49.492654119549265,d,a
160,4842.700696055685,6824.114285714286,40.91546667900487,d,c
161,6501.547785547786,8173.171428571429,25.7111644513246,a,c
162,6474.283062645011,9361.414285714285,44.5938368022136,d,c
163,6670.823665893271,8065.328611898017,20.90453916709867,a,a
164,4860.862068965517,7917.767272727273,62.888128903693065,a,a
165,3374.6724137931033,4787.025547445255,41.85156247698363,a,a
166,5212.913752913753,6562.437142857143,25.88808205754556,a,c
167,7135.585081585082,11936.017094017094,67.27453961442578,a,a
168,5990.296037296037,9399.387931034482,56.91024070451911,a,a
169,6377.1536643026,8257.03498542274,29.478375778259092,d,a
170,4211.221445221445,5987.831428571429,42.18752222982569,a,a
171,6714.461538461538,10530.862857142858,56.838531233224685,a,a
172,6523.1781609195405,7563.992700729927,15.955635644691135,a,a
173,6912.707656612529,9844.546742209632,42.41231122789601,a,a
174,5587.830459770115,6379.42700729927,14.166438177183371,a,a
175,5128.628770301624,6585.402266288952,28.404736650526807,c,a
176,4120.923076923077,6696.64,62.50339729709549,a,a
177,3047.4405594405594,5151.119658119658,69.0310133256639,a,a
178,8065.717289719626,12551.178977272728,55.61144193920813,d,a
179,6106.83682983683,8751.96,43.31412880133962,a,c
180,6343.064965197216,8290.84135977337,30.707180286866166,d,a
181,4804.020114942528,8380.443636363636,74.44647265936548,a,a
182,4605.206496519721,6165.9742857142855,33.89137469457837,d,c
183,4061.818181818182,5780.577777777778,42.31503033920221,a,a
184,5558.07476635514,7865.080229226361,41.50727652740991,d,c
185,5982.974477958237,8620.685552407933,44.08695180243936,d,c
186,3205.7816091954023,4518.014598540146,40.93332451533067,a,a
187,5287.322505800464,7491.430594900849,41.686658732891104,a,c
188,4054.3846153846152,6130.0142857142855,51.19469086513313,d,a
189,7516.461538461538,10290.742857142857,36.9094061678543,d,a
190,6276.959770114942,8369.956204379561,33.344111017399314,a,a
191,6449.0,7334.186131386861,13.725944043834094,a,a
192,8357.55459770115,9854.16788321168,17.907310900753103,d,c
193,4218.459207459207,6771.790229885058,60.527574094137805,a,a
194,4345.771561771562,5425.80459770115,24.852503648151036,d,c
195,9307.44055944056,12436.214285714286,33.61583355050497,a,c
196,4347.195804195804,6272.600566572238,44.29073014190161,c,a
197,5683.227378190255,8267.186968838527,45.46641228123971,c,a
198,1753.4615384615386,4294.725212464589,144.92839553428234,a,a
199,6769.305361305362,9409.874285714286,39.00797472518995,d,c
200,6923.724941724941,8717.248571428572,25.9040277422806,a,a
201,4689.785547785547,5935.22,26.556319889776848,d,a
202,5419.714617169374,6861.402857142857,26.600814651869122,d,c
203,5884.691415313225,7868.763532763533,33.71582258820452,c,c
204,4878.2385057471265,6258.463503649635,28.293512018250944,a,a
205,5382.406032482599,7946.317280453258,47.63503965508289,a,a
206,5889.538461538462,8711.774285714286,47.9194735310142,a,c
207,9017.2969837587,13829.923512747875,53.37105495867915,a,a
208,2625.737819025522,3315.4645892351273,26.267922304047108,c,a
209,4734.55303030303,6860.395480225989,44.90059433945967,a,c
210,2649.885780885781,3860.8942857142856,45.70040390283159,d,a
211,10858.141531322506,15602.57223796034,43.694684702272134,a,c
212,4018.368909512761,5700.2776203966005,41.855507763416774,a,c
213,6824.974358974359,9731.905714285715,42.59256082755749,d,c
214,8267.275058275058,10636.771428571428,28.661153204581513,d,a
215,5172.804034582133,7758.087591240876,49.97837805907886,d,a
216,6083.591121495327,8632.761494252874,41.90239484949097,c,a
217,4194.341067285382,5319.362606232295,26.822366633980877,c,a
218,4063.169540229885,6232.014598540146,53.37815803244952,a,c
219,2628.848484848485,3752.5314285714285,42.74430231332664,a,a
220,4053.3668224299067,5955.60632183908,46.929863067977195,a,a
221,5106.960556844548,6694.677053824363,31.08926492200719,d,c
222,3971.8120649651974,6216.416430594901,56.51335785570135,a,a
223,5907.55944055944,8843.529745042493,49.69853175451113,d,c
224,5797.116550116551,7656.183908045977,32.0688283883485,d,c
225,4277.53613053613,6314.42209631728,47.618205986394656,d,a
226,6156.879350348027,8612.368571428571,39.88204220603646,a,a
227,5016.475177304965,7251.405797101449,44.55181259358232,a,a
228,7192.508158508159,8869.877142857144,23.321057792124876,d,c
229,7321.02331002331,10268.625714285714,40.262163900322555,d,c
230,6777.542923433874,8518.99433427762,25.69443573455721,d,c
231,4018.9109195402298,5724.57299270073,42.440902704945515,d,c
232,2836.9028436018957,4029.2093023255816,42.02845583565578,c,c
233,8300.958236658933,10822.765714285715,30.37971527780856,a,a
234,8846.482517482518,13800.551428571429,56.00043747668775,d,a
235,4573.2343387471,7612.917142857143,66.4668061803893,a,a
236,5831.487238979118,8692.257790368272,49.05730620941857,a,a
237,4132.635730858468,5028.4730878186965,21.677142997893426,a,a
238,6441.16548463357,9166.94752186589,42.31814946743893,a,a
239,4318.228438228438,5994.151428571428,38.81042919143345,d,c
240,4180.860788863109,5582.677053824363,33.52936956655872,a,a
241,5834.088578088578,7501.457142857143,28.579760873545812,d,c
242,3147.526682134571,5257.494285714286,67.03573366211435,d,a
243,5619.278735632184,8915.043636363636,58.65103077789697,a,a
244,4212.475524475524,6568.668571428571,55.933691086464066,d,a
245,8104.213457076567,9874.74,21.846988018034196,a,c
246,6172.772621809745,8190.033994334278,32.67998833129071,c,a
247,7092.679814385151,10404.18857142857,46.68910543976794,d,c
248,7420.566125290024,9511.835694050991,28.182075780360115,a,c
249,4653.401392111369,6057.988668555241,30.184098857772803,d,c
250,6902.939675174014,10401.114285714286,50.67659251204577,d,a
251,17378.727272727272,21261.13142857143,22.339979763287253,a,c
252,8721.223776223776,12937.368571428571,48.34349975858954,d,c
253,4409.948717948718,7385.228571428572,67.46744789503587,a,c
254,2637.785547785548,3457.2885714285712,31.0678411416351,d,a
255,5510.981351981352,7202.857142857143,30.700081942166513,c,c
256,8292.43925233645,11727.442528735632,41.423315527229775,a,c
257,4468.457076566126,6394.317280453258,43.098997503789334,a,a
258,4980.767241379311,6482.032846715329,30.141251991536077,a,a
259,11311.573913043478,12178.47619047619,7.663851945776345,b,b
260,6232.682134570766,6959.637393767705,11.66360233846586,a,a
261,9081.871794871795,16948.917142857143,86.62361158222454,d,c
262,20549.637457044675,20991.536111111112,2.1503963512258917,b,a
263,3576.155172413793,3874.3540145985403,8.33853196542007,a,c
264,5890.801909307876,8875.349854227405,50.66454433315328,a,a
265,3755.3892773892776,6425.0,71.08745659695282,a,a
266,3577.0560747663553,5377.928977272727,50.34511242947177,a,c
267,8780.524361948956,9910.186968838527,12.865548346805422,c,a
268,3895.8051044083527,6084.271954674221,56.17495720690642,a,a
269,7414.333333333333,11715.242857142857,58.00804105304398,a,c
270,8379.22505800464,10405.628895184136,24.183666426809737,a,a
271,5452.7009345794395,10746.485795454546,97.08555309357729,a,a
272,4695.552204176334,8135.885714285714,73.26792165252611,a,a
273,5767.785547785547,8643.102857142858,49.851321369970904,a,c
274,4182.435540069687,3891.882681564246,-6.946977561801216,b,b
275,6501.801724137931,8640.302919708029,32.890901419385244,d,a
276,3287.8808411214955,5067.951704545455,54.140370330963016,a,a
277,5424.879310344828,7739.536496350365,42.66744112798351,d,c
278,6076.1972157772625,8443.677053824362,38.96318295758696,a,c
279,7351.5114942528735,10816.701818181818,47.13575332960978,d,c
280,5641.757575757576,7038.864942528736,24.763690180068675,d,c
281,5289.171693735499,6558.3314447592065,23.995434909532285,d,c
282,3689.566125290023,5286.478753541077,43.28185412656147,a,a
283,6478.103448275862,7921.996350364963,22.288821313487837,a,a
284,4540.123563218391,6522.186131386861,43.656577636478055,d,a
285,4827.2900232018565,5558.382857142858,15.144995026755815,a,a
286,3475.244755244755,6708.262857142857,93.02993974795326,a,a
287,7615.166666666667,8834.726277372263,16.01487746872159,c,a
288,4675.247126436781,6832.919708029197,46.150984605531995,d,a
289,5512.109048723898,7317.6,32.754993330440186,d,a
290,5528.876456876457,8834.68857142857,59.79175227257174,a,a
291,6357.497663551402,10048.1875,58.05255513671581,d,a
292,4650.888888888889,7159.262390670554,53.93320635490226,a,a
293,5154.211136890951,7608.991477272727,47.62669349751383,c,c
294,4651.5754060324825,7147.885714285714,53.66591080122758,a,a
295,4544.020979020979,6199.41091954023,36.430068174463145,a,a
296,5690.292343387471,8531.277142857143,49.92686892038334,a,a
297,5651.44055944056,8644.744252873563,52.96532206169593,a,a
298,7486.382183908046,9557.222627737227,27.661431021788417,d,a
299,5838.86553030303,6826.607344632768,16.91667343944596,d,c
300,6403.141531322506,7905.772079772079,23.467083166896984,a,c
301,4845.747099767981,6384.195467422096,31.748424669702157,a,c
302,3236.3735498839906,4365.277142857143,34.881745743275495,d,c
303,5045.943661971831,7596.932551319648,50.55523922260665,a,a
304,5961.171693735499,8418.736543909348,41.22620478716401,a,a
305,4673.85150812065,6176.697142857143,32.15432993806828,c,c
306,3701.3189655172414,5216.700729927007,40.94166913274924,a,a
307,1991.6247086247085,3569.1643059490084,79.20867774399373,a,a
308,7749.03073286052,11319.968115942029,46.08237476641563,a,a
309,5527.780885780886,8740.685714285713,58.122868740499186,d,a
310,6597.605893186003,10750.050847457627,62.938663228736694,a,c
311,5674.904872389791,7825.294285714286,37.89295964742634,a,c
312,4496.872389791183,6887.368571428571,53.159084235174234,d,a
313,5618.972027972028,8845.603399433428,57.42387318176312,d,c
314,4152.51048951049,6345.294285714286,52.806219315831,a,a
315,3625.9512761020883,5017.294617563739,38.37181571169235,a,c
316,8222.916083916083,11856.86,44.19288582054077,d,a
317,4934.209770114942,5945.018248175183,20.485721628261743,d,a
318,6212.3317757009345,9127.105113636364,46.91915118468633,d,c
319,6836.591647331787,8947.583569405098,30.877841342143043,a,c
320,13037.352668213458,17028.665722379603,30.61444417237724,a,c
321,5250.943925233645,6818.420454545455,29.851328668341548,c,c
322,3657.6130536130536,6678.303116147309,82.58637582098427,a,a
323,6638.841491841492,8255.862857142858,24.356981067985007,d,c
324,4125.979020979021,7597.105413105413,84.12855165954664,a,a
325,5354.396270396271,7870.0085714285715,46.982183872732385,a,c
326,4526.692307692308,5599.957142857143,23.709692689759642,d,a
327,6663.597189695551,9023.410256410256,35.41350113965278,c,c
328,3667.072261072261,5369.648571428572,46.428763578781314,a,a
329,5526.130536130536,8612.274285714286,55.84637802900518,a,a
330,3645.951048951049,4804.851428571428,31.785955545228674,a,c
331,5116.044289044289,7441.4971428571425,45.45411889401887,a,c
332,2951.932400932401,4677.786324786325,58.46522512875951,a,a
333,8413.475638051044,11433.351274787536,35.89331884529039,a,c
334,4738.74358974359,6273.688571428572,32.39139135966707,d,c
335,10306.773195876289,18175.525,76.34544444299966,b,a
336,11638.870069605568,16716.22636103152,43.624134138976785,a,a
337,4713.7517401392115,5463.291428571429,15.901127801229542,d,c
338,6038.3990719257545,8670.49142857143,43.58924154057697,a,c
339,4533.411057692308,5868.035294117647,29.439735762781627,a,c
340,5399.728538283062,7811.504249291785,44.66475849498146,a,c
341,4702.030303030303,6503.754285714285,38.31800023753209,a,a
342,10022.563218390804,12482.849816849817,24.547478971691937,d,c
343,5957.403263403264,8721.657142857142,46.40031499017163,d,a
344,6743.030162412993,10603.237960339944,57.24737551145071,a,c
345,3783.772988505747,5544.923357664234,46.54482112189251,a,a
346,5951.270396270396,7908.185714285714,32.882312308338356,a,c
347,4475.832167832168,5208.977011494253,16.380078970145505,d,c
348,8024.84084084084,9784.484848484848,21.92746301819031,a,a
349,7750.828571428571,8658.355555555556,11.708773788035366,c,c
350,6011.025522041763,8247.157142857142,37.20050118928515,d,a
351,5085.477855477856,7225.257142857143,42.07626791795798,a,a
352,6097.308584686775,7418.611898016997,21.67027131689938,d,c
353,5549.949565217391,5799.303370786517,4.492902190172576,b,b
354,7303.202797202797,9723.397142857142,33.13880790194275,d,c
355,7920.6682134570765,10648.328611898018,34.4372510618068,a,c
356,5337.671328671328,6189.7155172413795,15.962844770776563,d,c
357,6448.667458432304,9429.487031700288,46.22380658457202,a,a
358,8734.009324009325,12233.06,40.06236478786405,a,a
359,6333.888111888112,7485.4,18.180174132703876,d,c
360,5748.772621809745,8384.359773371105,45.8460844591843,a,a
361,5251.916083916084,7507.39886039886,42.94590279898338,c,c
362,8208.600928074246,10815.031428571428,31.75243288515741,c,c
363,6251.0046403712295,8212.549575070821,31.37967490907352,a,a
364,3863.065882352941,5400.71676300578,39.803899997591465,a,c
365,4659.775216138329,6429.441605839416,37.97750551511911,c,a
366,4807.5337995337995,7894.709401709401,64.21536968653187,d,c
367,4285.719257540603,6436.764872521247,50.19100612332315,d,c
368,7544.289044289044,12326.813218390804,63.392642381883356,d,c
369,6250.120649651973,7603.345714285714,21.6511830809073,d,c
370,6554.8298368298365,8991.57142857143,37.17474980128688,d,a
371,5727.252900232019,8321.297142857144,45.292992780535954,d,c
372,7498.419580419581,10364.665714285715,38.224669920454765,d,c
373,4140.193473193473,5011.66091954023,21.04895464401,d,c
374,5841.412993039443,8436.076487252125,44.418422345833996,a,a
375,6694.867132867133,12182.68376068376,81.97050843436864,a,c
376,6929.583529411765,10323.954154727793,48.98376086974115,a,a
377,6687.45939675174,9199.518413597734,37.563727386010925,a,c
378,5651.666666666667,7149.871428571429,26.50907865357879,a,c
379,3236.9791183294665,4714.456090651558,45.64369797617307,d,a
380,12334.920745920746,17057.128571428573,38.28324415517219,a,a
381,7450.275058275059,10897.564102564103,46.27062782682263,a,a
382,6376.517482517483,9952.806267806267,56.085297266006194,c,c
383,15738.969837587007,19215.997134670488,22.091835316818642,a,c
384,7179.571095571096,10927.86402266289,52.20775554968773,a,c
385,6083.528735632184,8955.149635036496,47.203210902658796,d,a
386,6641.979020979021,9730.297142857144,46.496956887751615,d,c
387,7597.68085106383,11539.139941690963,51.87713419253781,c,a
388,8566.468531468532,12331.157142857142,43.946797884789966,a,a
389,8831.013921113688,12176.645892351275,37.88502657932244,a,c
390,9787.37236533958,13723.354107648725,40.21489727158843,a,c
391,4495.580568720379,7212.381502890174,60.432704800641666,a,a
392,5757.177156177157,9145.274285714286,58.84997174182618,a,a
393,5064.275058275059,6931.185714285714,36.86432183339077,d,c
394,7273.099767981438,9683.368571428571,33.13949870532402,d,a
395,3393.713286713287,4718.951428571429,39.049796782968556,a,a
396,8149.480186480187,12755.2849002849,56.51654594418973,a,c
397,4517.6783216783215,6870.714285714285,52.08507105839728,a,c
398,4632.580046403712,6551.365439093484,41.41936833189386,c,c
399,4837.25,6475.332116788321,33.86391269395466,a,a
400,6868.841491841492,11026.682719546743,60.53191404465734,a,a
401,5463.429906542056,8927.12215909091,63.39776132940473,a,c
402,5240.4125874125875,6612.809116809117,26.18871141354424,c,c
403,6300.932400932401,8899.657142857142,41.24349503480131,a,a
404,3941.688836104513,5835.899408284024,48.05581188523036,a,c
405,3332.4965034965035,5977.097142857143,79.3579419088928,a,a
406,5413.627039627039,6965.911428571429,28.67364850925029,d,c
407,3434.0632183908046,4461.6824817518245,29.924296613344236,a,a
408,4072.4428904428905,5535.640804597701,35.9292432949424,c,a
409,4774.299303944315,6454.697142857143,35.19674264084276,d,c
410,5099.522144522144,8091.674285714285,58.675147521543394,c,a
411,7810.890951276102,10761.897142857142,37.780660490451744,d,c
412,8734.646551724138,9568.84306569343,9.55043239619846,d,c
413,6010.732758620689,8388.598540145986,39.56033111129293,a,c
414,6010.438515081207,6942.145714285714,15.501484573325165,d,c
415,5593.932400932401,7018.159544159545,25.460213694926882,d,c
416,9623.974477958236,12706.742209631728,32.032168609070474,a,c
417,6215.265734265734,9371.362857142858,50.77976160338673,a,c
418,4033.9532710280373,6803.244252873563,68.6495553068165,a,a
419,4519.763341067285,6277.42209631728,38.88829176695226,c,a
420,4129.732758620689,5061.843065693431,22.57071732128404,d,c
421,9287.266821345707,9955.742209631728,7.197762281897702,c,c
422,4137.997679814385,5073.161473087819,22.59942768540608,a,c
423,10453.676975945018,11434.211111111112,9.37980136006118,b,a
424,6231.480186480187,7776.74,24.797636633305963,d,c
425,2705.163551401869,3892.5689655172414,43.894034188802955,d,c
426,4054.7226107226106,6310.871428571429,55.64249480056884,a,a
427,6041.566091954023,9670.094545454545,60.059401788766124,a,c
428,5645.422413793103,7102.996350364963,25.818686888879427,d,a
429,4609.859195402299,6224.529197080292,35.0264494691813,d,c
430,7827.0948275862065,9655.357664233577,23.35812810397735,d,c
431,8427.850815850816,10869.628571428571,28.972721621808283,d,c
432,9400.255220417634,12915.186968838527,37.3918757097824,a,a
433,4340.787819253438,6831.742209631728,57.38484565704258,a,c
434,9320.770114942528,10646.61313868613,14.224608132090788,a,a
435,2738.4219114219113,3938.6828571428573,43.830387885616815,a,a
436,4510.02570093458,6724.735795454545,49.10637414019674,d,a
437,6825.609813084112,8024.65625,17.5668763634484,c,c
438,4036.7476635514017,6511.863636363636,61.314607181433445,d,c
439,6058.470997679814,8804.628895184136,45.327573550422315,a,a
440,4301.433566433567,6209.649425287356,44.362323150696525,d,a
441,5584.006993006993,7240.705714285714,29.668636220431853,d,a
442,3701.4428904428905,5214.563218390805,40.87920232012181,c,a
443,4261.170560747663,6454.755681818182,51.47846324850309,d,a
444,11917.105140186915,12521.787965616046,5.074074771649162,c,a
445,8295.210280373833,8975.192528735632,8.197287656114183,a,a
446,3795.932400932401,6324.862857142857,66.62211517753242,a,a
447,4885.38283062645,5823.161473087819,19.195601961476537,a,c
448,7046.2307692307695,10246.44,45.417320771607294,a,c
449,9465.805104408353,13455.468571428572,42.148168307016775,a,c
450,7898.8904428904425,9889.669540229885,25.203275216094223,c,a
451,4795.69837587007,6231.902857142857,29.94776503249583,a,a
452,4030.5986078886312,6516.3966005665725,61.67317151881044,a,c
453,6918.303939962477,9066.002824858757,31.04371972573279,a,c
454,4371.067599067599,7533.413105413106,72.34721117147839,a,a
455,7010.524475524476,7816.252873563219,11.493125811795469,d,c
456,5175.123543123543,7435.197142857143,43.67187721994925,a,c
457,4228.146551724138,5618.35401459854,32.87983152588476,d,c
458,7032.640371229699,8258.76,17.43469826477004,c,a
459,7156.812064965197,11643.019830028328,62.684442798554144,a,a
460,2739.6317016317016,4953.803418803419,80.82005022255274,a,a
461,4378.550116550116,5405.876436781609,23.462705527758775,d,c
462,3856.3752913752915,6025.737891737892,56.253928532690736,a,a
463,4954.902097902098,7491.702857142857,51.197797839736104,a,a
464,10231.85614849188,11144.28895184136,8.917568719767122,c,a
465,6588.426914153132,9208.971428571429,39.77496523166848,d,c
466,5933.18648018648,9893.131428571429,66.74229710475048,a,c
467,12237.871794871795,15002.822857142857,22.59339784413903,a,c
468,6418.619489559164,6976.172804532578,8.686498956362133,c,c
469,10509.735498839907,13600.696883852692,29.410458382648862,c,c
470,11529.292056074766,15057.974137931034,30.60623379730425,a,c
471,6273.755747126437,8171.529197080292,30.24939966499478,d,a
472,4608.211136890951,5932.883852691218,28.74592062841095,c,c
473,2802.032634032634,4471.917142857143,59.59546967949625,a,a
474,6076.6783216783215,9289.169971671388,52.865915882573944,c,a
475,5658.235981308411,7476.882183908046,32.1415757244379,a,a
476,4432.9182242990655,7576.596590909091,70.91667852968581,d,a
477,5317.301724137931,7352.164233576642,38.2687049749582,d,a
478,5586.074245939675,8297.59206798867,48.54066921899405,d,c
479,9343.721577726217,13548.159544159544,44.99746628212857,a,a
480,3909.844547563805,6188.654390934844,58.28389890311492,a,a
481,4331.064965197216,6170.4628571428575,42.46987534766484,c,c
482,7579.334106728538,9262.045584045583,22.20131021567213,c,a
483,3708.6200466200467,6463.740740740741,74.28964573040177,a,c
484,7313.684454756381,8210.920679886685,12.267909979993696,a,c
485,4454.755747126437,5399.686131386861,21.211721537593988,d,c
486,3401.792540792541,5326.925714285714,56.591727755527984,a,a
487,6049.932714617169,8158.441926345609,34.8517795352351,d,c
488,3198.1647331786544,4282.337110481586,33.89982905056217,a,c
489,5143.058275058275,9950.413105413105,93.47268829654392,a,a
490,7883.772988505747,8714.518248175182,10.53740716381142,a,a
491,5811.724941724941,7898.767241379311,35.91089255911908,d,c
492,6764.756598240469,9226.08424908425,36.38457075431181,a,a
493,7064.393939393939,9804.86,38.79265630026811,d,c
494,6724.711340206186,9144.041666666666,35.97671638328346,b,a
495,4160.834498834499,6379.936781609195,53.33310621694505,d,a
496,6577.6009280742455,9134.59490084986,38.87426435164161,d,c
497,7878.974477958237,10519.085714285715,33.5083105512437,a,c
498,6761.85632183908,7294.591240875912,7.878530593976585,a,a
499,4639.32634032634,5792.908045977011,24.865284763941098,c,c
500,5106.14367816092,5668.879562043796,11.020760858918033,d,c
501,4565.396551724138,6410.474452554745,40.41440606367057,a,c
502,9367.205188679245,12587.751428571428,34.381079254934875,a,a
503,5516.6480186480185,8142.316239316239,47.59535521919525,d,c
504,6040.359628770301,7445.781869688385,23.26719479125119,c,c
505,3944.268065268065,5801.951149425287,47.09829690622127,a,a
506,6069.937062937063,9433.897142857142,55.42001580972502,a,a
507,7225.300699300699,9963.974285714286,37.90393923229589,a,c
508,5604.261682242991,8198.594827586207,46.29214859047921,a,c
509,4830.273781902552,7719.5028571428575,59.815016822965525,a,a
510,6747.853146853146,9972.66,47.790116100121985,a,c
511,5323.538283062645,6075.960339943343,14.133871437998335,a,a
512,5301.045258620689,5857.629893238434,10.499526177646068,b,b
513,16414.728538283063,20333.308781869688,23.872342661333445,a,a
514,4828.370689655172,6934.178832116789,43.613224373458515,c,c
515,8333.202797202797,9946.734285714285,19.36268116567499,d,c
516,4710.356643356643,7311.611428571428,55.224157790334694,a,c
517,4710.399521531101,7497.196480938416,59.16264526329342,a,c
518,4949.729885057472,7023.512727272728,41.896889130772784,d,c
519,4664.375870069605,6090.110481586402,30.566460577618937,c,c
520,3360.2505800464037,4491.790368271954,33.67426807229135,a,c
521,4477.955710955711,6042.762857142857,34.94467670501314,d,a
522,7442.560344827586,9210.36,23.752574023816898,d,c
523,14857.011600928074,16353.039660056656,10.069508588356557,c,c
524,6442.821631878558,9598.488700564973,48.9795814472409,a,c
525,9485.216279069768,11143.957507082154,17.487647927149453,d,c
526,8345.960372960373,13406.300283286118,60.63220629132709,a,a
527,9723.462790697675,11973.524216524216,23.140536188189564,d,c
528,8676.298368298369,13190.371428571429,52.02763746307608,a,c
529,6768.308584686775,9112.478753541076,34.634504906557595,d,c
530,4396.536231884058,5005.110169491525,13.842122650873122,a,c
531,4497.580046403712,5395.637393767705,19.967567849783684,a,c
532,10020.41491841492,11966.691428571428,19.42311297489048,a,c
533,8146.020979020979,11525.586206896553,41.48731308916594,a,c
534,6109.327586206897,9304.138181818182,52.293980810985616,d,a
535,6609.445221445221,9962.097142857143,50.72516389929065,a,a
536,6844.902097902098,10136.091428571428,48.08234337899515,a,c
537,4796.247086247086,6546.577586206897,36.49375164550559,a,a
538,3186.1020881670534,4680.637393767705,46.907954115822136,a,a
539,10640.206896551725,12162.872262773722,14.310486450366522,a,a
540,4774.583333333333,6759.551094890511,41.573633194320855,d,c
541,5703.864801864802,7967.3,39.68248331193263,a,c
542,5295.58908045977,7454.5474452554745,40.76899343950344,a,a
543,1868.1299303944315,3926.0657142857144,110.16020622595435,c,a
544,11326.31074766355,17460.363636363636,54.157554258922744,a,a
545,8444.685314685315,13320.271428571428,57.73555712499392,a,c
546,12325.403712296984,15337.320113314448,24.436655149985008,a,a
547,5250.591954022989,6389.93795620438,21.69938193937213,d,c
548,4172.367924528302,6165.211594202899,47.76289401419203,d,c
549,4116.410672853828,5285.317280453258,28.39625830600252,a,c
550,5406.303944315545,6672.245714285715,23.416030304793424,d,c
551,5757.45939675174,7538.492917847026,30.934365287927413,a,c
552,5412.452436194895,10565.745714285715,95.21179795741037,a,a
553,6928.909090909091,7173.818965517241,3.534609436996039,c,a
554,4108.303944315545,4936.079320113315,20.148834823750605,c,c
555,4390.45558739255,6171.700729927007,40.570849814525104,d,a
556,6014.186046511628,8597.348441926346,42.95115540885228,d,c
557,3641.9158878504672,5289.417142857143,45.23721320700418,a,a
558,2773.7331786542923,3812.6798866855524,37.456620414199925,a,a
559,4334.410256410257,7775.6353276353275,79.39315541568234,d,a
560,12351.452322738387,15139.236686390532,22.570498519594963,c,c
561,5738.121212121212,8354.905714285715,45.6035068871812,d,a
562,16662.360824742267,20082.855555555554,20.52827187450008,b,c
563,4970.0817757009345,6181.824712643678,24.380744455091996,a,a
564,4988.531468531469,6189.4914285714285,24.074418846825484,d,c
565,5445.125874125874,8096.6,48.69445054472274,a,c
566,4101.682134570766,5885.019830028328,43.47820325780036,a,a
567,4162.153846153846,6564.48,57.7183410955866,c,a
568,4567.593967517401,5259.12,15.13983154808438,d,c
569,4002.08120649652,5151.373937677054,28.717376581837062,a,a
570,3624.1981351981353,5652.282857142857,55.959543222761646,a,a
571,7241.387931034483,8379.518248175182,15.71701900215845,d,a
572,5803.509345794392,8223.471264367816,41.69825142656294,d,c
573,3195.2557471264367,4964.8175182481755,55.380911925849574,a,a
574,7664.18648018648,10419.479885057472,35.95023962417927,d,a
575,3614.405172413793,7586.112727272727,109.88550993596893,a,a
576,5862.013921113689,8350.611898016998,42.45295235379643,c,a
577,4278.904872389791,5776.971671388102,35.010518898533775,a,c
578,7233.983546617916,9602.056497175141,32.73539309699376,d,a
579,7026.219114219114,9848.711428571429,40.17085531307123,c,a
580,9353.487238979118,11228.368271954674,20.04472754463489,a,c
581,3849.762237762238,7152.625714285714,85.79396005617585,a,a
582,5736.173611111111,8611.497142857143,50.12615946937969,a,a
583,3505.002331002331,5298.125356125356,51.158968120008154,a,a
584,4103.23897911833,5512.737142857143,34.35086698366459,d,a
585,4857.647331786543,6673.305949008499,37.37732472551056,d,c
586,13932.644859813085,16606.97988505747,19.19474049724872,a,c
587,8798.33810888252,10764.98905109489,22.35252746455494,d,c
588,5380.756380510441,7099.458923512748,31.941653207485743,d,c
589,3543.5717703349283,6064.784660766962,71.14891566578135,a,c
590,4584.074592074592,5477.390804597701,19.487383867347276,d,c
591,4911.384615384615,6673.747126436781,35.88321113218606,a,c
592,3638.7459207459206,5441.051428571429,49.53095234129583,a,a
593,8371.480278422274,10895.552407932011,30.150846033951773,a,c
594,3442.584686774942,5026.756373937677,46.01692714339028,a,a
595,13497.661252900232,16876.742209631728,25.034566310555718,c,c
596,4028.907192575406,5088.110481586402,26.290089058465483,c,a
597,4532.449883449884,5751.64,26.899141698222763,a,a
598,5325.120689655172,6612.6423357664235,24.178262261969973,c,a
599,9142.348027842227,10535.733711048159,15.24100459709581,d,c
600,6078.078886310905,8118.118980169972,33.56389629054768,d,c
601,4282.584686774942,5606.234285714286,30.907727359762617,d,a
602,5294.793503480279,7538.214285714285,42.370316817065714,a,a
603,5651.07345971564,8515.494152046784,50.688080994708585,a,a
604,6861.5,9364.2299270073,36.47496796629455,d,a
605,5952.120930232558,8354.563218390804,40.36279363807178,d,a
606,4875.566125290024,7015.784702549575,43.89682187178294,a,a
607,2551.573426573427,5542.971671388102,117.23739609688208,a,a
608,7095.668997668998,12054.119658119658,69.87996004435331,a,c
609,3964.0881670533645,5460.929178470255,37.76003328729038,a,a
610,3327.6736596736596,5263.948571428571,58.18704325546151,a,a
611,5303.198275862069,6413.503649635037,20.936523886474532,a,a
612,5903.882183908046,7970.443636363636,35.0034331323265,d,c
613,5969.305361305362,7650.8640226628895,28.170089475700834,c,a
614,5819.609813084112,7528.088068181818,29.35726466156836,a,a
615,8376.707656612529,11357.257142857143,35.58139556048352,d,a
616,7133.81351981352,10146.76,42.234724412381894,a,c
617,4997.235981308411,8015.147727272727,60.39161963238215,a,c
618,6115.661252900232,7710.948571428571,26.085279294562056,d,c
619,3239.566091954023,5655.007299270073,74.56063987443203,a,a
620,7339.373563218391,8325.478102189782,13.435813431180277,d,c
621,4971.689976689977,7073.954285714286,42.284702362393524,a,a
622,3640.937354988399,5144.583569405099,41.29832699144287,a,c
623,5989.637440758293,8515.225433526011,42.165957751993346,a,a
624,5804.904428904429,8507.282857142856,46.55336640483594,a,c
625,5088.272727272727,7785.665714285714,53.011957723004514,a,a
626,7678.747663551402,11454.173295454546,49.16720534813119,c,c
627,5241.095127610209,6915.017142857143,31.938401698314433,c,c
628,5092.607888631091,7621.118980169972,49.65061412215959,a,c
629,6802.870689655172,8732.135036496351,28.359562232675195,d,a
630,5255.9207459207455,8994.968571428572,71.13972995901425,a,a
631,4703.013921113689,6251.677053824363,32.92916327034696,d,c
632,6484.236658932715,7693.634560906516,18.65135351449161,a,a
633,6909.781609195402,7584.981751824817,9.771656773216563,d,a
634,5071.8644859813085,8709.113636363636,71.7142415858256,d,a
635,4159.0489510489515,8048.373219373219,93.51475094668803,a,a
636,4363.778735632184,7906.770909090909,81.19092163240602,c,a
637,7560.971264367816,10163.138686131388,34.41578245412289,d,c
638,5400.982708933718,6788.911439114391,25.69770734286767,d,a
639,3698.7785547785547,6004.437142857143,62.33567524878838,a,a
640,9908.039627039627,13526.914285714285,36.524628432031456,d,c
641,4494.72027972028,7320.431428571429,62.867341525132716,a,c
642,3209.890442890443,4195.48,30.704772472609765,c,c
643,6759.874709976798,9501.779036827196,40.561466661559024,a,a
644,8855.01519756839,9976.083650190114,12.660265709420493,c,a
645,9043.496503496504,12809.62643678161,41.64462198696046,a,a
646,4450.275862068966,5757.043795620438,29.363751238197324,a,a
647,4791.006960556844,6975.475920679886,45.59519487463128,a,c
648,5674.960556844548,7671.685552407932,35.18482596597332,d,a
649,2733.8997668997667,4844.772079772079,77.2110352555476,a,a
650,5863.867816091954,7060.514598540146,20.40712410270038,a,a
651,6728.652680652681,8703.334285714285,29.34735524006955,a,a
652,5156.773892773893,8437.317280453257,63.61619601503836,a,a
653,4944.713286713287,7105.417142857143,43.69725261826169,d,c
654,4828.609813084112,8477.198863636364,75.56189445387882,c,a
655,6703.289044289044,9659.977142857142,44.10802039167754,d,c
656,2833.3271461716936,3752.3742857142856,32.437028699081964,d,a
657,4872.464953271028,7508.747126436781,54.1057185315605,c,c
658,4853.027972027972,7536.8,55.30097999518719,d,c
659,4511.598607888631,7038.397142857143,56.00672299504546,d,a
660,3535.9166666666665,5989.14598540146,69.3802922976539,a,a
661,6582.728773584906,7863.263768115942,19.45295087456058,d,c
662,6573.8445475638055,10717.450424929179,63.031698534778215,d,a
663,4397.46875,5260.486803519061,19.625336814936123,a,c
664,4007.897435897436,6093.361823361824,52.033876136289315,d,c
665,6514.037558685446,10274.042979942693,57.72158031609551,a,a
666,5929.967365967366,8356.17816091954,40.91440382752227,c,c
667,7407.193023255814,10466.679886685552,41.304268078664805,d,c
668,7697.1972157772625,10459.311614730877,35.88467751991588,c,a
669,4084.7844827586205,5059.667883211679,23.866213861904416,d,a
670,5537.35734870317,7922.974452554745,43.08223135373914,a,a
671,5137.44540229885,6949.087591240876,35.26348305582714,a,c
672,7917.836448598131,9954.852272727272,25.726924739520207,c,a
673,6123.277389277389,8362.155172413793,36.56338984506817,d,c
674,6673.223844282238,10058.340298507463,50.72685306556388,a,a
675,3284.993006993007,5488.647727272727,67.08247827586354,a,a
676,7529.674255691769,7947.112391930836,5.543906974774115,b,b
677,6831.566091954023,9345.481751824818,36.79852651695188,d,a
678,6161.636363636364,8695.168571428572,41.117846920408226,c,a
679,8617.013921113688,11564.033994334277,34.2000152280096,a,a
680,5016.3990719257545,5435.954674220963,8.363680725547717,c,a
681,2987.509433962264,4271.055393586006,42.96374582226523,a,c
682,9216.666666666666,14425.775,56.51835443037976,b,a
683,7484.988399071925,11176.444759206799,49.31813068130584,a,a
684,6798.758620689655,8893.14598540146,30.805437897710707,d,c
685,4962.104895104895,8675.588571428572,74.83686368635658,a,a
686,4620.411214953271,8232.34090909091,78.17333839135718,a,a
687,7447.892773892774,9505.725714285714,27.6297337094634,d,c
688,2691.955710955711,4745.017094017094,76.26653643319025,a,a
689,5771.350348027842,8615.891428571429,49.28727089866602,d,a
690,4716.946386946387,6660.085714285714,41.194857179567364,a,a
691,7218.121212121212,9784.125714285714,35.549479244757954,d,c
692,5035.328671328672,8492.06,68.6495669757184,a,a
693,4577.874709976798,9107.817142857142,98.95295786509857,d,a
694,7328.439655172414,8960.810218978102,22.274462786270742,a,c
695,3874.6456876456878,7254.342857142857,87.22596701611549,a,a
696,6702.132250580046,9251.813031161473,38.04283003160316,a,c
697,9109.608391608392,12551.82,37.78660355545593,d,a
698,14357.30162412993,17037.600566572237,18.66854240867657,a,a
699,7307.325471698113,9575.769005847953,31.043417224752233,a,a
700,3495.1742243436756,5424.198224852071,55.191068504478565,a,c
701,4648.485632183908,7214.7773722627735,55.2070489862565,d,a
702,3614.5545977011493,5338.485401459854,47.69414203495839,a,a
703,2630.2097902097903,4099.902857142857,55.877408425882315,a,a
704,8899.40139211137,12223.735795454546,37.354584391372,d,c
705,6303.981351981352,10005.98,58.72477155813767,a,a
706,5216.431034482759,6412.383211678832,22.926636416552547,d,a
707,6831.820512820513,10143.485714285714,48.474124799540185,a,c
708,3943.297082228117,5334.102893890676,35.27012504157305,c,c
709,7899.46403712297,12313.521246458924,55.87793283939779,a,a
710,3830.772988505747,5455.8722627737225,42.42222859835583,d,a
711,5701.916666666667,8448.723636363637,48.17339730260824,d,a
712,5431.853448275862,7678.291970802919,41.356758681331954,a,a
713,9343.88344988345,12402.397142857142,32.732789416501575,a,c
714,4060.2657342657344,5162.537356321839,27.14777047112267,d,c
715,4818.158878504673,8548.614942528735,77.42492844448951,a,a
716,5140.8218390804595,6448.974452554745,25.446371308371862,d,a
717,4269.773892773893,7125.634285714285,66.88551817166739,d,c
718,6740.5336426914155,9353.045714285714,38.75823799836644,a,a
719,4985.6781609195405,5889.0,18.118334355418053,c,c
720,6140.682134570766,8418.16147308782,37.08837696866472,a,c
721,7103.136890951276,8369.699716713882,17.83103500899845,a,c
722,8803.155452436195,11098.501416430596,26.074127355767462,a,a
723,6233.9953596287705,8014.917142857143,28.567903575315224,d,c
724,6108.480186480187,7676.328571428571,25.66675076426508,d,c
725,5182.0208816705335,6437.762039660057,24.23265337334397,d,c
726,8486.296728971962,14164.289772727272,66.90778351375357,a,c
727,3658.0023201856147,5602.22,53.149711499246166,a,a
728,4846.324009324009,5738.051724137931,18.400084540329864,d,a
729,8862.81585081585,12615.588571428572,42.3428939942069,c,c
730,7204.178654292344,9094.648725212464,26.241299135381023,c,a
731,7531.637850467289,11361.669540229885,50.85257371376355,a,a
732,5176.232514177694,6773.132768361582,30.850628324944452,a,c
733,14370.273195876289,15843.497222222222,10.251886002895837,b,b
734,4561.6783216783215,7719.622857142857,69.22769017835245,a,a
735,4168.498834498834,7168.592592592592,71.97060326045288,d,c
736,4526.1551724137935,6155.886861313868,36.00697781713349,c,c
737,4922.7668997669,7582.794285714286,54.035209062475474,a,a
738,7634.438228438228,9580.074285714285,25.484993120103795,d,c
739,8055.307471264367,11465.7700729927,42.338080996839025,d,c
740,6007.658932714618,8173.3,36.04800291661725,d,a
741,6588.4408352668215,8878.314447592067,34.755925864400794,d,c
742,6885.062937062937,9424.214285714286,36.87913054480389,d,c
743,2889.941588785047,4943.309659090909,71.0522343522214,a,a
744,6842.517647058824,8245.547169811322,20.504580260097292,a,a
745,5457.261682242991,9981.741477272728,82.90751036827923,a,a
746,5045.916473317865,7263.137142857143,43.94089123876002,d,c
747,6702.662004662005,9645.960113960115,43.91237551962062,c,c
748,4780.270396270396,6911.182857142857,44.57723693904458,d,a
749,3910.997668997669,6757.38,72.77893192229432,a,a
750,4307.948275862069,5872.945255474453,36.32812836637902,d,a
751,3563.829836829837,5015.854285714286,40.74337202856127,a,a
752,3953.142191142191,6843.271428571428,73.10967067931813,a,a
753,7209.386946386946,10549.945714285714,46.336239027548956,d,c
754,6648.1701631701635,9835.512747875355,47.943155883141756,c,c
755,9185.79020979021,12064.454545454546,31.338232965480284,d,c
756,15212.011655011655,18245.225714285716,19.939598575542483,a,c
757,5240.307692307692,7427.25,41.73308966003171,a,c
758,4043.0257009345796,5889.309248554913,45.665886991357716,a,c
759,5461.244755244756,8908.637142857142,63.12466373717551,a,a
760,7458.172897196262,7859.343839541547,5.37894398366785,a,a
761,7386.452436194895,10369.263456090652,40.38218678941823,a,a
762,3336.3119047619048,4561.067055393586,36.70985164437393,d,c
763,5372.445475638051,7044.399433427762,31.120910679715074,d,c
764,2864.6170212765956,4368.229651162791,52.4891327084317,a,c
765,7321.706293706294,9967.885057471265,36.14155850583101,a,c
766,5423.068965517241,7014.105839416058,29.33831164632934,d,c
767,4865.064965197216,7437.691218130311,52.87958683669516,a,c
768,10856.761020881671,15598.688385269123,43.67718286574538,a,c
769,10395.701030927836,11521.394444444444,10.828451204662425,b,b
770,5208.468531468531,8033.611428571428,54.24133562550961,a,c
771,5839.8448275862065,7842.42700729927,34.29170190025057,a,a
772,3237.6264501160094,4004.1051136363635,23.674091972311693,d,c
773,4990.821345707656,6609.248571428571,32.428073730045234,a,a
774,4846.955916473318,6283.447592067989,29.636986602508088,a,c
775,7879.402298850575,9721.536496350365,23.37911084662494,d,c
776,3975.8668224299067,5824.307471264367,46.49151320679199,c,a
777,3533.5093023255813,4555.452722063037,28.92148661006391,d,c
778,4906.152298850575,7165.113138686132,46.04343082388191,a,a
779,5246.7453271028035,9416.59090909091,79.47489961916354,a,a
780,4899.560747663551,8550.553977272728,74.51674583992498,a,a
781,3728.165501165501,6382.11396011396,71.1864443281496,a,a
782,4871.272727272727,6245.711428571429,28.2151868361558,c,c
783,6000.475524475524,7904.988668555241,31.73937026009588,d,c
784,6315.519813519813,9511.177142857143,50.600068144767675,a,a
785,5529.4965034965035,7715.197142857143,39.52802281326231,d,c
786,2598.9603729603728,4742.7692307692305,82.48716987427285,a,a
787,8719.245327102804,12060.619318181818,38.32182563659179,c,c
788,16028.15313225058,20322.966005665723,26.795432000044105,a,c
789,3263.827505827506,3523.2385057471265,7.948060963897352,a,c
790,6795.023201856148,8263.3,21.608120451196868,d,c
791,6426.9207459207455,9190.937142857143,43.006853611673314,a,a
792,5624.174825174825,9553.002857142857,69.85607940887411,d,a
793,3702.3799533799533,6216.862857142857,67.91531218905283,d,a
794,2953.021028037383,3242.84375,9.81444829586049,c,c
795,3541.909090909091,5793.808571428572,63.57869224535892,d,a
796,5794.312354312355,9022.622857142856,55.715161790127965,a,c
797,3695.3275862068967,4859.656934306569,31.50814970898992,a,a
798,5627.338785046729,9706.68465909091,72.4915635945723,a,a
799,8940.342657342657,11065.108571428571,23.766045615050956,a,c
800,4649.575757575758,6180.548571428571,32.927150640751094,d,a
801,3983.2529002320184,5897.671388101983,48.061685657931804,d,a
802,5789.997679814385,8124.402266288952,40.31788466190547,a,c
803,4995.481132075472,7340.814492753623,46.94909856868455,d,a
804,4604.1781609195405,5326.080291970803,15.679283160213009,c,c
805,5022.663793103448,7432.492700729927,47.979100471255556,d,a
806,5404.037356321839,8591.788321167884,58.988322149862604,d,a
807,8983.07656612529,10850.705714285714,20.79052910673338,a,a
808,5940.427570093458,8933.46875,50.38427191629666,a,a
809,7269.608391608392,11997.04,65.03007251186568,a,a
810,5298.114219114219,6705.448571428571,26.562929640834376,d,c
811,3759.8190255220416,4586.504249291785,21.98736742800964,a,a
812,4975.0,8059.053977272727,61.991034719049786,d,a
813,5138.627039627039,6639.235632183908,29.202520069753547,a,a
814,6773.146853146854,10547.164305949009,55.72029567096599,d,c
815,7454.419540229885,9591.507299270073,28.66873466816282,a,a
816,4420.053613053613,6007.04,35.90423388213182,c,c
817,18963.394431554523,25168.96317280453,32.72393433384546,a,a
818,4797.916473317865,7727.0142857142855,61.04937067340992,d,a
819,5326.932714617169,7024.121813031162,31.8605319296954,a,c
820,11028.818965517241,13428.357664233577,21.756986910554478,a,c
821,5795.556844547564,8331.750708215297,43.76100401903182,a,a
822,6441.262180974478,9320.524079320114,44.70027484442562,a,c
823,4879.278422273782,6929.4617563739375,42.018166553913396,a,c
824,5798.547563805105,8098.943342776204,39.67193083540976,a,a
825,4028.1436781609195,5242.1277372262775,30.137556057077198,a,a
826,7605.897196261682,10355.991379310344,36.15739356035918,a,c
827,12587.897674418604,12995.518413597734,3.238195524956522,a,c
828,4140.286713286713,6495.08547008547,56.8752581612743,d,c
829,5059.582366589327,6981.0371428571425,37.976548992581606,c,a
830,4869.383177570094,7762.244318181818,59.409190756175235,a,c
831,10231.755244755244,15700.885714285714,53.45251463412324,a,a
832,5703.573085846868,7592.9685714285715,33.12652362201063,d,a
833,4609.058275058275,6617.302857142857,43.57168996868867,d,c
834,4740.596287703016,7245.7223796033995,52.844113690900365,a,a
835,4268.844339622641,6287.834782608696,47.29594902878398,a,a
836,4501.605140186916,7613.622159090909,69.13127477846213,a,a
837,2876.0602409638554,4211.9047619047615,46.447028539750754,a,c
838,6795.076923076923,9436.14447592068,38.86736798923298,d,c
839,4066.480278422274,6422.206798866856,57.930356454564304,c,a
840,6123.032482598608,8779.2776203966,43.38120278386446,a,a
841,2261.1098130841124,3837.7272727272725,69.72759352597222,a,a
842,17436.02011494253,20021.12408759124,14.826227290442828,d,c
843,8455.445475638051,10705.861189801699,26.614987000360625,c,a
844,3170.4498834498836,5414.5542857142855,70.78189167975457,a,a
845,4438.109813084112,5308.772988505747,19.61788265929809,d,a
846,7304.762237762237,11577.857142857143,58.49738521269021,a,c
847,6439.334112149532,7938.770114942528,23.285575444266946,c,c
848,5653.244075829384,7840.1202346041055,38.68356167611402,a,c
849,7272.997679814385,9232.376770538243,26.940460824866697,c,c
850,5147.321513002364,7458.4685714285715,44.89999415401091,d,a
851,5163.956896551724,5821.156934306569,12.726675511054264,d,c
852,3757.6055684454755,5651.882857142858,50.411818222875524,c,a
853,7946.342657342658,10841.698275862069,36.43632981072136,a,a
854,5734.0163551401865,7602.309659090909,32.58262949103581,c,a
855,4611.745920745921,7181.485632183908,55.72162377545613,a,a
856,6181.610208816705,8315.444759206799,34.51907315907186,a,a
857,6949.433874709976,8058.205714285714,15.954851280918337,c,a
858,4224.609195402299,5430.007299270073,28.53277186395433,a,a
859,7006.836206896552,8134.86496350365,16.098974248846076,c,a
860,5150.505800464037,6555.940170940171,27.287307789256566,c,c
861,3055.5035629453682,4046.3556851311955,32.428439429823165,c,c
862,7462.058004640371,9911.949008498583,32.831304746421395,a,c
863,6351.66416510319,9749.785310734464,53.49969798940193,a,c
864,3524.6013986013986,5185.4051724137935,47.12032896745204,a,a
865,6882.81351981352,8404.691428571428,22.1112762154152,d,c
866,5854.00928074246,8128.688571428572,38.85677629806585,d,a
867,3721.422053231939,5232.336158192091,40.60045013297995,d,c
868,8642.067285382831,10731.202857142856,24.174025759942698,d,c
869,4607.740654205608,7633.713068181818,65.67150022244252,c,a
870,6151.702830188679,7876.505747126437,28.037812692666364,a,a
871,5956.171693735499,6635.254285714285,11.401326672517232,d,c
872,7443.629370629371,9875.84,32.675063578091354,a,c
873,3277.53738317757,4509.15625,37.57756885226971,a,a
874,4074.937354988399,5204.8640226628895,27.728688056793626,a,a
875,4097.153846153846,6243.874285714286,52.39540715747466,d,a
876,6687.770142180095,12346.238372093023,84.60919124933272,a,a
877,5595.225165562914,7276.356940509915,30.045828813001286,a,c
878,7133.32634032634,10659.455840455841,49.43177042378502,d,c
879,3137.1637931034484,4557.821167883211,45.284768933737226,d,a
880,6507.228438228438,8739.6091954023,34.30616856877422,a,c
881,3219.3263403263404,5408.74,68.00844115268289,a,a
882,5956.188679245283,7407.623188405797,24.36851126321986,a,a
883,4011.6013986013986,5696.5771428571425,42.00257146293729,a,a
884,4740.479885057472,6548.434306569343,38.13863712850565,d,c
885,4810.871495327103,6255.399425287356,30.026325404105126,a,a
886,5349.540792540793,7782.654285714286,45.48266080270178,a,c
887,5639.348946135831,8432.023188405798,49.521217235254596,d,a
888,7242.447795823666,8922.14730878187,23.19242831031241,d,a
889,3316.3310023310023,5156.5669515669515,55.49011687743091,d,a
890,4813.666666666667,6892.86496350365,43.19364926605462,a,a
891,7283.834112149532,8828.192528735632,21.20254790001448,a,c
892,5723.521028037383,9879.772727272728,72.61704253160643,a,a
893,5645.163793103448,7350.956204379562,30.216880745958807,a,a
894,6576.601895734597,10756.080229226362,63.55072725631241,a,a
895,8364.109557109557,10519.278735632184,25.76686930996397,a,c
896,6460.422273781903,7520.362606232295,16.40667262187967,a,c
897,3266.429906542056,3769.94,15.414691509207223,c,c
898,4685.158508158508,8961.294617563739,91.26982794624716,a,a
899,3833.6658878504672,7012.71875,82.92461980644914,d,a
900,5140.192528735633,6739.051094890511,31.105032685383872,a,a
901,6023.491879350348,8705.416430594902,44.524415487944616,a,c
902,4606.885057471264,5241.565693430657,13.77678470466921,a,a
903,10903.172413793103,12797.715328467153,17.376070402017586,d,c
904,5301.35632183908,6925.368613138686,30.63390183016832,d,c
905,7363.582750582751,9960.254285714285,35.26369734795245,a,a
906,9277.461716937354,12963.397142857142,39.72999876885051,a,a
907,5774.370629370629,6879.168571428571,19.132785423203046,a,c
908,3096.243619489559,5636.911428571429,82.05645683335212,a,a
909,8974.014705882353,12963.775280898877,44.45903763007304,a,c
910,4640.97668997669,7013.931623931624,51.13050748735504,d,c
911,8572.54988399072,11487.249291784703,34.000378501584464,a,c
912,5454.921113689095,6145.770538243626,12.664700554896168,c,c
913,7169.8317757009345,11010.42816091954,53.56605992116381,a,a
914,8008.069605568446,11336.490084985835,41.56333103177523,c,c
915,6093.942528735633,6648.215328467153,9.095471398325138,d,c
916,4784.906542056075,6116.862068965517,27.836604857429492,a,a
917,5426.571095571096,8267.414285714285,52.35061220264392,a,a
918,4143.457943925234,6456.454545454545,55.82285696709965,a,c
919,4399.028818443804,6976.751824817518,58.59754761246614,a,a
920,5165.522988505747,6524.554744525547,26.309664269114652,a,a
921,7707.453271028037,11621.727272727272,50.78556903371456,a,a
922,6750.649411764706,8201.442857142858,21.491168580755794,d,a
923,4908.865429234339,5811.640226628895,18.390701688788536,a,a
924,3784.4895104895104,5939.857142857143,56.95266498674596,a,a
925,6343.811320754717,7123.733333333334,12.294218304176031,c,a
926,6068.69696969697,8721.505714285715,43.71298744747192,d,c
927,5334.742924528302,8038.669540229885,50.68522802231681,a,a
928,6498.631701631702,9872.92857142857,51.92318975315431,d,c
929,5044.85150812065,6756.090651558074,33.92050570136422,a,c
930,6382.990675990676,8090.4857142857145,26.750705507336892,a,a
931,3046.2456813819576,4387.401129943502,44.02650307420763,a,c
932,6166.218390804598,8950.44,45.152821919953176,a,a
933,5917.2663551401865,9051.03409090909,52.95972071709558,a,c
934,5567.843822843823,8229.3,47.800481871217706,a,c
935,4700.192575406032,6811.246458923512,44.91419978329536,a,c
936,6278.610722610722,8009.4914285714285,27.567893319574765,a,a
937,6124.658932714618,8597.62,40.37712294600051,d,a
938,8241.580046403713,10832.410764872522,31.43609239831797,a,a
939,5203.324009324009,6927.197142857143,33.13022849324909,d,a
940,6066.371495327103,8694.928977272728,43.329978785018206,d,c
941,4175.913793103448,6116.200729927007,46.463768960651365,a,a
942,5168.649651972158,7153.9857142857145,38.4111169453327,d,c
943,6280.925407925408,7812.791428571429,24.389177090259317,d,c
944,7282.515081206497,8721.682719546743,19.76195891518593,c,a
945,3797.8677494199537,5079.558073654391,33.74762916455394,a,c
946,3433.4638694638693,5147.182857142857,49.91224759696051,a,a
947,7733.721040189125,9193.031609195403,18.869449278333295,a,a
948,6865.652705061082,7051.5352112676055,2.707426579697203,b,b
949,4014.5638051044084,6980.532577903683,73.88022502041507,a,a
950,4640.782201405153,7093.913793103448,52.86030425981914,a,a
951,6684.606060606061,9115.917142857143,36.371793045208214,d,c
952,6117.939655172414,7139.71897810219,16.701363212465026,d,c
953,4098.377622377622,6812.288951841359,66.21916230084469,a,a
954,5761.543123543123,8442.42857142857,46.53068440867292,a,a
955,3984.3543123543122,5620.688571428572,41.068994642380765,d,c
956,3130.549065420561,4748.025862068966,51.667511444389746,a,a
957,6243.38283062645,9920.192634560906,58.89130786435422,d,c
958,3721.097447795824,4883.405099150142,31.235614429899062,a,a
959,5812.77030162413,8563.798866855524,47.327322816501734,a,c
960,5607.603248259861,8097.871428571429,44.40877983092584,d,a
961,5751.18648018648,7466.654285714286,29.82806785065648,d,c
962,5296.470308788598,8391.87536231884,58.44279063348925,c,a
963,7830.7663551401865,14341.418803418803,83.14195767065588,a,c
964,8407.728773584906,11407.534482758621,35.67914462938428,a,a
965,6973.204176334107,10346.14,48.3699564557865,a,c
966,4175.759906759907,5605.377142857143,34.236097573112566,a,a
967,7357.04662004662,10215.142857142857,38.84841818602103,a,c
968,6083.205607476635,8540.142045454546,40.38884424616824,c,a
969,2993.0384615384614,4129.831858407079,37.98124920467247,a,c
970,2547.276102088167,4217.425714285714,65.56610062130358,a,a
971,6993.451764705882,9829.238505747126,40.549171374180574,c,a
972,2487.6788511749346,4544.971786833856,82.69929756758026,a,a
973,5402.568764568765,7713.788571428571,42.780016462118795,d,c
974,10207.83908045977,13234.109489051094,29.64653326465858,a,a
975,6489.967365967366,9218.18,42.03738601736371,a,c
976,5499.400932400932,8783.585714285715,59.718955250839855,a,a
977,3487.2528735632186,6402.643636363637,83.60135810344946,a,a
978,6041.563084112149,8638.633522727272,42.986730461274014,c,c
979,5002.244755244756,7798.42776203966,55.8985644167683,a,c
980,5722.529137529137,8609.474285714286,50.448762755128044,a,a
981,6092.7692307692305,8795.31054131054,44.3565349052307,d,c
982,6549.6144859813085,9892.678977272728,51.042156732230005,d,a
983,8783.169811320755,12048.608571428571,37.178363054064434,a,a
984,4991.7126168224295,7389.968390804598,48.04474852778733,c,a
985,7518.165501165501,9458.6408045977,25.810489315929242,c,c
986,5190.5200945626475,7468.323782234957,43.88392003449584,a,a
987,5586.5336426914155,8386.773371104817,50.12481634433217,c,a
988,4232.443155452436,5266.586402266289,24.433718512713387,a,a
989,4384.227011494253,6332.485401459854,44.43789942577783,a,a
990,5336.544392523365,7713.306818181818,44.53748063987546,d,a
991,5282.645687645688,6337.9,19.975867675967617,a,a
992,4719.3519813519815,6937.585714285714,47.00293052306434,a,a
993,6230.757009345794,9304.826704545454,49.337017806804596,d,c
994,3338.3146853146854,6011.845714285714,80.08624952979856,a,a
995,7972.247663551402,10835.420454545454,35.91424792388591,d,a
996,5087.552380952381,8231.798270893372,61.802722694569944,c,a
997,4161.255220417634,6385.237142857143,53.444977648266075,d,c
998,3812.967365967366,4938.218390804598,29.511163270912277,a,a
999,7006.018691588785,11831.661931818182,68.87853790659906,d,c
1000,6656.724137931034,8463.44890510949,27.141349554857786,a,c
1001,4208.7692307692305,6893.6033994334275,63.79143216111884,c,a
1002,5350.893271461717,6933.583569405099,29.57805767467747,d,c
1003,5647.340326340326,9509.985714285714,68.39760249491671,a,a
1004,4275.163793103448,6296.167883211679,47.27313824486554,d,c
1005,5475.692307692308,7101.105714285714,29.68416257264874,a,a
1006,5526.312354312355,7405.532763532764,34.00496187577951,c,c
1007,6127.84222737819,8056.441926345609,31.472737505393876,c,c
1008,4405.213457076567,6461.58073654391,46.68030958100293,a,c
1009,4183.020114942528,5520.467153284671,31.973239467927318,a,a
1010,7778.373549883991,10212.067988668556,31.287960435133154,d,c
1011,6729.060606060606,9286.8,38.01034860104746,a,c
1012,5612.727011494253,6604.711678832116,17.673844911865256,d,c
1013,3129.5431235431233,5052.6,61.44848626593398,a,a
1014,9297.687645687645,15772.554285714286,69.63953712759694,a,c
1015,5161.363636363636,7117.022857142857,37.89035918726804,d,c
1016,4104.46386946387,7008.911428571429,70.76314109416053,c,c
1017,6207.798578199052,8414.253602305476,35.54327667549002,c,a
1018,10572.548837209302,13184.681818181818,24.706747835293097,c,c
1019,7527.798850574713,11023.861818181818,46.44203487637289,d,c
1020,8260.735498839907,9982.765714285715,20.845967234850214,a,a
1021,8381.222222222223,9483.023054755044,13.146063942935115,a,a
1022,6036.118881118881,8904.81142857143,47.52544812240005,a,c
1023,5210.282710280374,7298.411931818182,40.077080988671376,c,a
1024,5453.9791183294665,6967.546742209632,27.751621174959062,c,c
1025,6520.801401869159,8538.17816091954,30.937558663757336,a,a
1026,7641.137529137529,11768.677142857143,54.01734490421477,c,a
1027,10665.014367816091,16190.625454545454,51.81062956093194,a,c
1028,3543.4638694638693,6190.22,74.69403465193476,a,a
1029,4215.965034965035,6883.814814814815,63.27969415600019,a,a
1030,2652.7972027972028,4781.404558404558,80.2401085677743,a,a
1031,3825.7272727272725,6091.791428571429,59.23224512103633,d,a
1032,7401.498834498834,11387.498575498576,53.85395350494085,d,c
1033,11638.767981438516,16583.45892351275,42.484659458458296,a,a
1034,4787.161214953271,8591.022727272728,79.45964928938763,a,a
1035,3586.051401869159,6445.920454545455,79.74980646361192,a,a
1036,4470.298368298369,5618.5542857142855,25.68633730488561,d,c
1037,6040.785547785547,7964.470085470086,31.84494007389038,a,c
1038,5182.612068965517,6804.919708029197,31.302895479643777,d,a
1039,7359.260563380281,9196.620289855073,24.96663503963297,a,c
1040,7143.181818181818,10602.671428571428,48.430653152129445,a,a
1041,5554.968390804598,6818.824817518248,22.751820312889116,c,a
1042,3420.762237762238,5002.105714285714,46.227810254300074,a,a
1043,7774.888111888112,10036.977207977208,29.094812215114363,c,a
1044,5760.990675990676,7683.459770114942,33.37046008660087,c,a
1045,6529.9886578449905,9039.050847457627,38.423683731797944,a,c
1046,7091.090909090909,10662.786324786324,50.36877204770336,d,c
1047,3890.4742990654204,6109.198275862069,57.02965258836527,a,a
1048,5704.790697674419,8327.458923512748,45.97308411170054,d,c
1049,3446.7988505747126,4669.41605839416,35.471092478042074,a,a
1050,6322.201856148492,8703.834285714285,37.67093306661189,d,c
1051,6140.364066193853,9156.113702623907,49.11353144406283,c,a
1052,6019.916083916084,8800.9,46.19639007118561,a,c
1053,7124.589327146172,11139.464589235127,56.35237454026216,a,a
1054,4904.589327146172,7413.484419263456,51.154029925215625,a,c
1055,6778.591647331787,9305.551136363636,37.27853248139708,c,a
1056,3469.4454022988507,4393.418181818181,26.631714074736767,d,c
1057,5865.429234338747,7105.985835694051,21.150312309499064,d,c
1058,5941.517482517483,8883.514285714286,49.515915956713606,a,c
1059,7441.863109048724,9624.379603399433,29.327554973390193,c,a
1060,6151.284382284382,8768.788571428571,42.5521570207771,a,c
1061,6669.778554778555,8251.824712643678,23.719620447243607,d,c
1062,5153.361305361305,7941.334285714286,54.10008759627449,d,a
1063,3592.2041763341067,5100.42209631728,41.98586288383892,a,c
1064,8255.892773892774,10926.051428571429,32.34245802128599,a,c
1065,3517.0258620689656,5063.255474452555,43.96412403615329,a,a
1066,10177.750582750583,12172.365714285714,19.5977992908928,a,a
1067,5081.149425287356,6613.532846715329,30.158204240201236,d,c
1068,3967.4382284382286,5025.985632183908,26.680879267586576,d,c
1069,4929.0,7977.847025495751,61.855285564937134,a,c
1070,6136.519721577726,8131.371104815864,32.50786233479672,c,c
1071,5160.645011600928,7085.288951841359,37.29463925369614,a,a
1072,5521.755244755244,8415.531428571428,52.406817317098465,a,c
1073,6297.531468531469,8477.085714285715,34.60966025569539,a,c
1074,4253.633177570094,6231.576704545455,46.50009637420756,c,c
1075,11170.074245939675,11870.376770538243,6.269452728598712,a,c
1076,3080.8391608391607,4280.914285714286,38.95286518457031,a,c
1077,3627.051282051282,5547.211428571429,52.939977882920864,a,a
1078,5348.771561771562,8607.05459770115,60.91647396604118,d,c
1079,6853.327146171694,10941.271428571428,59.6490462983849,a,a
1080,9273.247126436781,11356.080291970802,22.460667090345776,a,a
1081,4809.870488322717,7761.241258741259,61.36071184419218,b,a
1082,6045.088785046729,8260.329545454546,36.64529735092539,c,a
1083,4708.431554524362,5685.657142857143,20.75480076574032,d,c
1084,5616.649651972158,7075.31339031339,25.970352945711262,a,a
1085,6213.092807424594,9220.589235127478,48.40578631159269,c,a
1086,5769.589327146172,10026.754285714285,73.78627346209834,a,a
1087,5538.5498839907195,7190.175637393768,29.820544871810274,d,c
1088,3997.5058275058277,6417.297142857143,60.532527525071814,a,a
1089,9034.916083916083,11540.725714285714,27.734730539782902,d,a
1090,4929.771028037383,8305.267045454546,68.47165919511275,a,a
1091,6913.932714617169,9939.801699716714,43.76480232013786,a,c
1092,11316.67816091954,12778.288321167884,12.915540580590124,a,a
1093,7451.530373831775,9417.698863636364,26.38610313807972,c,c
1094,4351.0114942528735,4858.835766423358,11.671407277164292,d,a
1095,3939.867132867133,5804.1473087818695,47.318351432781846,a,a
1096,4639.228438228438,6458.294285714286,39.21052545066066,a,c
1097,9352.268041237114,10378.869444444445,10.977031439654205,b,b
1098,4206.109813084112,6540.321022727273,55.495726773039486,a,a
1099,6796.584415584415,9184.293785310734,35.13101910794128,a,c
1100,4005.496453900709,7106.462643678161,77.41777393804978,a,a
1101,8318.364269141532,11991.620396600567,44.15839471091256,d,c
1102,6277.479885057472,7917.6277372262775,26.127488772571184,a,a
1103,4266.554524361949,5946.797142857143,39.38172145465477,d,c
1104,4821.689655172414,6273.956204379562,30.119452994019348,d,a
1105,3716.948717948718,5603.517142857143,50.755836791570545,c,c
1106,4070.477958236659,5899.70254957507,44.93881578788444,a,c
1107,4873.94540229885,7949.923636363636,63.11064199886127,a,a
1108,4047.095794392523,7813.755681818182,93.0706876927543,a,a
1109,3982.9080459770116,6126.529197080292,53.820503168996645,c,a
1110,3566.6209302325583,5707.759206798867,60.03268411332678,c,c
1111,4169.627039627039,6578.017142857143,57.760324372933056,a,a
1112,8106.67365967366,12847.23142857143,58.47722466588847,c,c
1113,5942.0208816705335,7465.243626062323,25.634759195991784,a,c
1114,19549.99071925754,22029.85552407932,12.684736481122783,a,c
1115,5512.419953596288,7275.36,31.981236212846497,d,c
