Store,mean_sales_open,median_sales_open,mean_customers,open_days,StoreType,Assortment,CompetitionDistance,CompetitionOpenSinceMonth,CompetitionOpenSinceYear,CompetitionDistanceMissing
1,4759.096030729834,4647.0,564.0499359795134,781,c,a,1270.0,9.0,2008.0,0
2,4953.900510204082,4783.0,583.9987244897959,784,a,a,570.0,11.0,2007.0,0
3,6942.568677792041,6619.0,750.0770218228498,779,a,a,14130.0,12.0,2006.0,0
4,9638.401785714286,9430.5,1321.7525510204082,784,c,c,620.0,9.0,2009.0,0
5,4676.274711168165,4616.0,537.3401797175867,779,a,a,29910.0,4.0,2015.0,0
6,5509.946153846154,5462.5,635.2346153846154,780,a,a,310.0,12.0,2013.0,0
7,8817.050890585242,8494.0,948.5610687022901,786,a,c,24000.0,4.0,2013.0,0
8,5539.3584183673465,5356.0,658.1977040816327,784,a,a,7520.0,10.0,2014.0,0
9,6562.337612323492,6215.0,579.8164313222079,779,a,c,2030.0,8.0,2000.0,0
10,5568.4209183673465,5395.5,593.9553571428571,784,a,a,3160.0,9.0,2009.0,0
11,8030.977040816327,7571.5,1130.091836734694,784,a,c,960.0,11.0,2011.0,0
12,7589.598214285715,7171.5,896.952806122449,784,a,c,1070.0,,,0
13,5034.747181964573,4719.0,382.8341384863124,621,d,a,310.0,,,0
14,5508.567394094994,5391.0,631.4672657252888,779,a,a,1300.0,3.0,2014.0,0
15,6672.844387755102,6418.0,663.4017857142857,784,d,c,4110.0,3.0,2010.0,0
16,7680.683397683398,7478.0,852.4774774774775,777,a,c,3270.0,,,0
17,6335.6624040920715,5997.0,791.6751918158568,782,a,a,50.0,12.0,2005.0,0
18,6560.277493606138,6362.5,713.2800511508951,782,d,c,13840.0,6.0,2010.0,0
19,6464.915275994866,6247.0,624.6700898587933,779,a,c,3240.0,,,0
20,7756.9353796445885,7804.0,848.5589660743134,619,d,a,2340.0,5.0,2009.0,0
21,5482.320463320463,5278.0,516.3616473616473,777,c,c,550.0,10.0,1999.0,0
22,4525.857835218094,4311.0,504.2471728594507,619,a,a,1040.0,,,0
23,5520.281129653402,5181.0,482.43645699614893,779,d,a,4060.0,8.0,2005.0,0
24,9388.28626444159,8875.0,835.4300385109115,779,a,c,4590.0,3.0,2000.0,0
25,11139.038563829787,10808.0,1566.186170212766,752,c,a,430.0,4.0,2003.0,0
26,6671.695652173913,6363.5,556.0728900255755,782,d,a,2300.0,,,0
27,9478.57381258023,8684.0,1074.7586649550706,779,a,a,60.0,1.0,2005.0,0
28,5293.060959792478,5036.0,581.3177691309987,771,a,a,1200.0,10.0,2014.0,0
29,7364.775353016688,6887.0,653.7008985879332,779,d,c,2170.0,,,0
30,5294.782496782497,5149.0,777.1274131274131,777,a,a,40.0,2.0,2014.0,0
31,5862.427295918367,5716.5,586.0510204081633,784,d,c,9800.0,7.0,2012.0,0
32,4067.8212560386473,3896.0,477.1867954911433,621,a,a,2910.0,,,0
33,8436.659820282413,8248.0,836.3093709884467,779,a,c,1320.0,5.0,2013.0,0
34,8031.485969387755,7807.5,993.4591836734694,784,c,a,2240.0,9.0,2009.0,0
35,9703.071887034659,9127.0,729.6546854942234,779,d,c,7660.0,10.0,2000.0,0
36,9363.638263665594,9234.5,1090.3183279742766,622,a,c,540.0,6.0,2003.0,0
37,7114.170512820513,7102.5,781.0910256410257,780,c,a,4230.0,12.0,2014.0,0
38,6004.643132220795,5903.0,535.3453145057766,779,d,a,1090.0,4.0,2007.0,0
39,4852.571245186136,4391.0,629.6161745827984,779,a,a,260.0,10.0,2006.0,0
40,4902.3389175257735,4865.0,663.8208762886597,776,a,a,180.0,,,0
41,5335.059485530546,5187.5,397.959807073955,622,d,c,1180.0,,,0
42,10178.136071887035,9631.0,1100.0487804878048,779,a,c,290.0,,,0
43,6822.9139922978175,6554.0,610.1591784338896,779,d,a,4880.0,,,0
44,5478.5,5159.0,640.0586734693877,784,a,a,540.0,6.0,2011.0,0
45,5348.469833119384,5340.0,415.38125802310657,779,d,a,9710.0,2.0,2014.0,0
46,5352.290996784566,5098.0,660.5016077170418,622,c,a,1200.0,9.0,2005.0,0
47,7145.102040816327,6862.0,920.6505102040817,784,a,c,270.0,4.0,2013.0,0
48,3934.966836734694,3840.0,429.2334183673469,784,a,a,1060.0,5.0,2012.0,0
49,7304.113256113256,7041.0,531.7078507078508,777,d,c,18010.0,9.0,2007.0,0
50,4256.070603337613,4198.0,358.7997432605905,779,d,a,6260.0,11.0,2009.0,0
51,6675.286173633441,6583.5,496.9871382636656,622,a,c,10570.0,7.0,2013.0,0
52,7407.945337620578,7178.0,503.4983922829582,622,d,c,450.0,4.0,2014.0,0
53,5264.807397959184,5143.0,566.7091836734694,784,a,c,30360.0,9.0,2013.0,0
54,7907.538853503184,7984.0,730.4789808917197,785,d,c,7170.0,8.0,2014.0,0
55,4598.989743589744,4299.0,558.9641025641025,780,a,a,720.0,11.0,2004.0,0
56,7321.754161331626,7238.0,506.93854033290654,781,d,c,6620.0,3.0,2012.0,0
57,10591.73116883117,9757.5,988.5207792207792,770,d,c,420.0,6.0,2014.0,0
58,6336.158908507223,5962.0,513.1476725521669,623,a,c,7340.0,5.0,2008.0,0
59,5501.312020460358,5386.5,564.0153452685422,782,a,c,2840.0,6.0,2007.0,0
60,8033.087179487179,7460.5,713.473076923077,780,d,c,5540.0,10.0,2009.0,0
61,4722.005148005148,4574.0,571.7387387387388,777,a,c,350.0,12.0,2007.0,0
62,6503.86649550706,6491.0,717.9833119383825,779,a,a,2050.0,,,0
63,6956.3877551020405,6858.0,638.8520408163265,784,c,c,3700.0,6.0,2010.0,0
64,10359.525032092426,10085.0,792.8536585365854,779,d,c,22560.0,,,0
65,5112.8948717948715,4985.0,455.9,780,a,c,13840.0,5.0,2010.0,0
66,6114.360360360361,5991.0,524.056628056628,777,d,a,7660.0,,,0
67,7828.930501930502,7401.0,798.3230373230373,777,a,c,410.0,2.0,2006.0,0
68,7563.252551020408,7135.5,1151.954081632653,784,a,c,250.0,,,0
69,9426.451984635083,9042.0,1183.663252240717,781,c,c,1130.0,,,0
70,6608.028132992327,6296.0,679.0971867007672,782,c,c,4840.0,,,0
71,9061.09756097561,8514.0,746.9204107830552,779,a,a,17500.0,8.0,2008.0,0
72,4420.025682182985,3960.0,474.86035313001605,623,a,a,2200.0,12.0,2009.0,0
73,4576.978316326531,4528.0,494.13520408163265,784,a,c,1650.0,9.0,2008.0,0
74,6256.630154639175,5832.5,854.2229381443299,776,a,a,330.0,,,0
75,6023.4540816326535,5847.0,642.140306122449,784,d,c,22440.0,12.0,2013.0,0
76,8999.54735152488,8573.0,928.0963081861959,623,d,c,19960.0,3.0,2006.0,0
77,7621.489116517286,7428.0,662.8335467349552,781,d,c,1090.0,8.0,2009.0,0
78,3717.473076923077,3588.0,494.85897435897436,780,a,a,3510.0,11.0,2006.0,0
79,5474.240669240669,5058.0,560.4877734877734,777,a,a,3320.0,,,0
80,7616.2734274711165,7616.0,577.7458279845956,779,d,a,7910.0,,,0
81,6985.688102893891,6814.0,561.4983922829582,622,a,a,2370.0,3.0,2011.0,0
82,9019.653401797175,8668.0,838.5596919127086,779,a,a,22390.0,4.0,2008.0,0
83,3887.7060333761233,3725.0,345.8395378690629,779,a,a,2710.0,,,0
84,12955.997432605905,12213.0,1392.3106546854942,779,a,c,11810.0,8.0,2014.0,0
85,7272.454352441614,6622.0,1015.4012738853503,942,b,a,1870.0,10.0,2011.0,0
86,4695.021850899743,4374.0,604.9601542416452,778,a,a,480.0,2.0,2005.0,0
87,5865.161989795918,5838.5,737.4477040816327,784,a,a,560.0,12.0,2010.0,0
88,6024.433333333333,5949.0,613.4910256410257,780,a,a,10690.0,10.0,2005.0,0
89,5971.33922829582,5846.5,624.1752411575562,622,a,a,2380.0,7.0,2004.0,0
90,8416.768637532134,7909.5,1057.060411311054,778,a,a,330.0,11.0,2007.0,0
91,5559.002570694088,5335.0,613.9305912596401,778,c,a,2410.0,,,0
92,5996.684210526316,5719.0,547.0577663671373,779,c,a,240.0,,,0
93,5965.175866495507,5968.0,603.5545571245186,779,a,a,16690.0,,,0
94,7121.14377406932,6641.0,640.1437740693196,779,d,c,14620.0,,,0
95,7638.54358974359,7303.5,843.7192307692308,780,a,a,1890.0,10.0,2014.0,0
96,5176.888461538461,4861.5,542.774358974359,780,a,a,8780.0,2.0,2005.0,0
97,6703.3961538461535,6500.5,688.8307692307692,780,d,c,8980.0,,,0
98,5109.863928112965,4957.0,451.5853658536585,779,d,c,15140.0,12.0,2006.0,0
99,5130.520900321543,4971.5,465.5209003215434,622,c,c,2030.0,11.0,2003.0,0
100,7964.412541254125,7754.0,686.2194719471947,606,d,a,17930.0,,,0
101,7469.877551020408,7273.5,777.155612244898,784,d,c,2440.0,,,0
102,7061.162127107653,6559.0,1048.9857328145265,771,a,a,150.0,12.0,2007.0,0
103,4689.497622820919,4555.0,421.6164817749604,631,d,c,5210.0,5.0,2015.0,0
104,10126.536989795919,9915.0,1312.3775510204082,784,a,a,390.0,6.0,2009.0,0
105,4441.3673740053055,4271.0,515.0490716180371,754,a,c,6190.0,,,0
106,8668.81935483871,8567.0,825.6477419354839,775,a,a,1390.0,8.0,2013.0,0
107,7336.589285714285,7134.5,955.3112244897959,784,a,a,1930.0,9.0,2009.0,0
108,11035.360128617363,10642.0,848.7813504823151,622,d,c,2190.0,9.0,2003.0,0
109,6464.323979591837,6137.0,742.3762755102041,784,a,c,3300.0,11.0,2010.0,0
110,4534.429846938776,4410.0,587.4387755102041,784,a,c,46590.0,4.0,2013.0,0
111,6771.745198463508,6618.0,597.6747759282971,781,d,c,7890.0,,,0
112,6229.448979591837,6075.5,775.9936224489796,784,a,a,1630.0,9.0,2009.0,0
113,7199.077170418006,6917.0,699.3135048231511,622,d,c,20930.0,11.0,1999.0,0
114,5346.559948979592,5187.5,608.125,784,c,a,4510.0,,,0
115,7371.689710610933,7152.5,552.0450160771704,622,d,c,5740.0,4.0,2007.0,0
116,7294.54533844189,7096.0,758.2477650063857,783,a,a,680.0,4.0,2013.0,0
117,3881.956354300385,3786.0,492.06546854942235,779,a,a,3450.0,9.0,2011.0,0
118,7781.606138107417,7425.0,675.5460358056266,782,d,c,3580.0,9.0,2012.0,0
119,6005.085459183673,5759.5,664.9642857142857,784,a,c,2100.0,2.0,2010.0,0
120,7110.102432778489,6767.0,638.1959026888604,781,d,a,2290.0,12.0,2014.0,0
121,4453.171794871795,4462.0,504.1128205128205,780,a,a,3570.0,11.0,2009.0,0
122,6462.014689265537,6176.0,793.780790960452,885,a,c,58260.0,4.0,2013.0,0
123,8399.204427083334,8001.0,959.77734375,768,a,a,16760.0,9.0,2011.0,0
124,4424.1463414634145,4401.0,525.6829268292682,779,a,a,1410.0,4.0,2003.0,0
125,11836.848214285714,11418.0,1573.9413265306123,784,a,a,760.0,12.0,2005.0,0
126,6507.75353016688,5919.0,543.8125802310655,779,d,a,3370.0,10.0,2014.0,0
127,5238.154093097914,5164.0,659.7479935794543,623,d,a,1350.0,12.0,2005.0,0
128,7454.672215108835,7129.0,594.6824583866837,781,d,c,2000.0,,,0
129,9208.120578778135,8768.5,1165.4630225080386,622,a,a,2460.0,,,0
130,5121.062740076824,4953.0,573.7451984635084,781,c,a,900.0,,,0
131,5275.404364569961,5057.0,558.8973042362003,779,c,a,920.0,7.0,2015.0,0
132,6283.255627009647,6094.5,582.4051446945338,622,d,c,1040.0,,,0
133,6467.759590792839,6276.5,758.8273657289003,782,a,a,270.0,8.0,2013.0,0
134,4725.8915816326535,4758.5,494.5969387755102,784,a,a,1200.0,9.0,2008.0,0
135,5952.416133162612,5906.0,539.7810499359795,781,d,a,5190.0,,,0
136,5488.818327974276,5049.5,423.98070739549837,622,a,c,2200.0,12.0,2010.0,0
137,8274.98231511254,8054.0,957.2813504823151,622,a,a,1730.0,7.0,2015.0,0
138,7334.917948717949,7139.0,714.4435897435898,780,a,c,25360.0,10.0,2014.0,0
139,6464.1495176848875,6207.0,513.8151125401929,622,a,a,1700.0,1.0,2008.0,0
140,7469.049935979513,7181.0,963.6120358514725,781,a,c,1090.0,7.0,2010.0,0
141,5540.741312741313,5235.0,611.8983268983269,777,c,c,1540.0,,,0
142,4603.965340179718,4515.0,568.7355584082156,779,a,a,1090.0,7.0,2002.0,0
143,6314.756097560976,5954.0,582.0423620025674,779,d,a,2930.0,12.0,2002.0,0
144,7718.2064,7525.0,728.8896,625,a,c,16570.0,,,0
145,8342.263157894737,7833.0,1267.7861842105262,608,a,a,280.0,,,0
146,7812.83055198973,7395.0,702.4223363286264,779,d,c,8050.0,10.0,1961.0,0
147,8212.558408215662,7977.0,879.6161745827984,779,d,c,8540.0,,,0
148,8638.96556122449,8320.0,819.4770408163265,784,a,a,2090.0,12.0,2008.0,0
149,5567.483922829582,5312.0,486.21864951768487,622,d,a,2610.0,7.0,2006.0,0
150,8417.24107142857,8039.0,820.3966836734694,784,c,c,31830.0,3.0,2010.0,0
151,6755.764102564102,6479.5,652.0076923076923,780,d,c,4360.0,10.0,2005.0,0
152,5541.939666238768,5181.0,621.403080872914,779,a,a,1780.0,,,0
153,7066.812580231065,6493.0,633.8793324775353,779,a,a,16240.0,10.0,2000.0,0
154,8737.57362355954,8291.0,737.4302176696543,781,d,c,16420.0,,,0
155,6886.852327447833,6847.0,660.3081861958267,623,d,a,3050.0,,,0
156,6961.611253196931,6703.0,712.6202046035805,782,a,a,2020.0,2.0,2011.0,0
157,9722.790757381257,9202.0,989.8305519897305,779,a,c,2950.0,10.0,2004.0,0
158,8156.865211810013,8060.0,519.9845956354301,779,d,c,11840.0,,,0
159,7748.60834670947,7309.0,695.9727126805778,623,d,a,8530.0,3.0,2013.0,0
160,5730.658130601792,5476.0,559.1843790012804,781,d,c,17110.0,11.0,2005.0,0
161,7252.598202824133,7026.0,819.2182284980745,779,a,c,2970.0,3.0,2005.0,0
162,7768.131882202305,7479.0,555.6952624839948,781,d,c,5340.0,3.0,2012.0,0
163,7298.706632653061,6998.5,870.8048469387755,784,a,a,1480.0,4.0,2009.0,0
164,6210.218298555377,5764.0,633.4333868378812,623,a,a,1160.0,9.0,2005.0,0
165,3996.8344051446948,3836.5,422.65434083601286,622,a,a,3720.0,4.0,2005.0,0
166,5819.24646983312,5558.0,817.2682926829268,779,a,c,100.0,4.0,2014.0,0
167,9295.779487179487,8773.0,1055.1846153846154,780,a,a,140.0,4.0,2008.0,0
168,7517.148005148005,7184.0,731.2445302445302,777,a,a,12540.0,,,0
169,7218.92819843342,7058.0,687.9164490861618,766,d,a,980.0,7.0,2014.0,0
170,5009.441591784339,4771.0,543.7625160462131,779,a,a,1070.0,5.0,2015.0,0
171,8429.147625160462,7891.0,867.2451861360719,779,a,a,2640.0,,,0
172,6981.672025723473,6809.0,868.9019292604502,622,a,a,110.0,,,0
173,8232.783163265307,7922.5,1006.5369897959183,784,a,a,350.0,12.0,2012.0,0
174,5936.540192926045,5818.5,479.5225080385852,622,a,a,13090.0,,,0
175,5784.548469387755,5717.0,690.7079081632653,784,c,a,4130.0,,,0
176,5278.177150192554,5019.0,631.9987163029525,779,a,a,3770.0,,,0
177,3994.096153846154,3986.5,485.2769230769231,780,a,a,1250.0,2.0,2004.0,0
178,10089.92564102564,9459.0,923.5653846153846,780,d,a,1710.0,,,0
179,7295.274711168165,6741.0,955.8318356867779,779,a,c,480.0,,,0
180,7220.061224489796,7054.0,843.2385204081633,784,d,a,5800.0,9.0,2010.0,0
181,6382.698234349919,5864.0,668.7897271268058,623,a,a,12610.0,3.0,2013.0,0
182,5304.654289372599,5161.0,417.79385403329064,781,d,c,1390.0,,,0
183,4821.335515548281,4634.0,601.0360065466449,611,a,a,9670.0,,,0
184,6594.2972972972975,6310.0,595.6679536679536,777,d,c,3560.0,,,0
185,7170.617346938776,6891.0,545.2283163265306,784,d,c,1860.0,5.0,2015.0,0
186,3783.83922829582,3647.5,381.0594855305466,622,a,a,290.0,10.0,2011.0,0
187,6279.7334183673465,6067.0,775.7079081632653,784,a,c,19360.0,,,0
188,4986.952503209242,4803.0,438.2400513478819,779,d,a,850.0,,,0
189,8762.929396662388,8553.0,837.1258023106546,779,d,a,5760.0,7.0,2014.0,0
190,7198.954983922829,6939.0,656.104501607717,622,a,a,1470.0,12.0,2006.0,0
191,6838.9372990353695,6761.0,713.8585209003215,622,a,a,1100.0,8.0,2013.0,0
192,9016.834405144695,8453.0,645.4131832797427,622,d,c,2770.0,3.0,2008.0,0
193,5362.036036036036,4793.0,781.6589446589446,777,a,a,520.0,,,0
194,4829.492921492922,4681.0,417.6499356499356,777,d,c,16970.0,,,0
195,10713.17971758665,10527.0,1298.4403080872914,779,a,c,220.0,,,0
196,5216.3363171355495,4986.5,696.8529411764706,782,c,a,3850.0,11.0,2005.0,0
197,6846.668367346939,6554.0,842.280612244898,784,c,a,4210.0,3.0,2015.0,0
198,2900.6048593350383,2526.0,338.4782608695652,782,a,a,290.0,9.0,2002.0,0
199,7955.697047496791,7641.0,624.5827984595635,779,d,c,6360.0,12.0,2010.0,0
200,7729.5442875481385,7487.0,967.6534017971759,779,a,a,1650.0,10.0,2000.0,0
201,5249.351732991014,5197.0,444.21566110397947,779,d,a,20260.0,,,0
202,6065.797695262484,5891.0,509.39180537772086,781,d,c,5140.0,5.0,2010.0,0
203,6775.240409207161,6302.0,882.5498721227622,782,c,c,490.0,11.0,2002.0,0
204,5486.247588424438,5329.0,524.1784565916398,622,a,a,5630.0,12.0,2002.0,0
205,6536.820153061224,6146.5,879.1862244897959,784,a,a,110.0,12.0,2007.0,0
206,7157.551989730424,6896.0,799.9050064184852,779,a,c,380.0,,,0
207,11184.206632653062,10431.0,1300.3813775510205,784,a,a,6870.0,,,0
208,2936.2908163265306,2927.5,413.4719387755102,784,c,a,300.0,4.0,2006.0,0
209,5587.78231292517,5598.0,577.1916099773242,882,a,c,11680.0,9.0,2011.0,0
210,3193.98459563543,3116.0,326.25930680359437,779,d,a,970.0,11.0,1999.0,0
211,12994.345663265307,12582.0,1485.8048469387754,784,a,c,350.0,11.0,2006.0,0
212,4775.656887755102,4562.0,460.7576530612245,784,a,c,15050.0,9.0,2008.0,0
213,8131.0410783055195,7659.0,652.6662387676508,779,d,c,4030.0,3.0,2014.0,0
214,9331.875481386392,9231.0,715.4505776636714,779,d,a,8650.0,7.0,2013.0,0
215,6313.492753623188,6202.0,490.28341384863126,621,d,a,150.0,,,0
216,7226.775773195876,6927.5,887.6726804123712,776,c,a,190.0,,,0
217,4700.8877551020405,4533.5,642.8801020408164,784,c,a,3150.0,,,0
218,5018.577170418006,5099.5,696.3987138263666,622,a,c,640.0,,,0
219,3133.712451861361,3138.0,406.4441591784339,779,a,a,1640.0,2.0,2013.0,0
220,4906.432989690722,4652.0,644.6237113402062,776,a,a,1000.0,9.0,2008.0,0
221,5821.838010204082,5608.0,552.75,784,d,c,13530.0,9.0,2013.0,0
222,4982.456632653061,4793.0,561.5637755102041,784,a,a,2170.0,11.0,2008.0,0
223,7232.875959079284,6829.5,738.7161125319693,782,d,c,2920.0,10.0,1995.0,0
224,6629.749034749035,6382.0,478.66023166023166,777,d,c,7930.0,,,0
225,5197.0,4967.5,556.3260869565217,782,d,a,10180.0,5.0,2015.0,0
226,7257.290653008963,6992.0,703.01152368758,781,a,a,450.0,,,0
227,6020.447916666667,5776.0,561.15625,768,a,a,2370.0,,,0
228,7946.139922978177,7832.0,593.1168164313223,779,d,c,10800.0,,,0
229,8645.36328626444,8274.0,734.2516046213094,779,d,c,17410.0,4.0,2007.0,0
230,7561.640306122449,7294.5,940.2270408163265,784,d,c,6680.0,9.0,2013.0,0
231,4770.279742765273,4720.0,394.5016077170418,622,d,c,3840.0,10.0,2008.0,0
232,3372.351174934726,3226.0,303.8355091383812,766,c,c,13570.0,5.0,2010.0,0
233,9431.089628681179,9109.0,1031.6658130601793,781,a,a,1890.0,,,0
234,11072.315789473685,10247.0,1024.721437740693,779,d,a,4370.0,,,0
235,5935.44814340589,5555.0,501.12932138284253,781,a,a,5710.0,3.0,2012.0,0
236,7119.563775510204,7069.0,864.7882653061224,784,a,a,1000.0,11.0,2007.0,0
237,4535.991071428572,4462.0,574.7308673469388,784,a,a,1420.0,11.0,2007.0,0
238,7661.718015665796,7498.0,1101.3577023498694,766,a,a,320.0,,,0
239,5071.210526315789,4921.0,472.0680359435173,779,d,c,610.0,,,0
240,4812.035714285715,4688.5,459.75382653061223,784,a,a,1110.0,5.0,2009.0,0
241,6583.227214377407,6356.0,704.7188703465982,779,d,c,780.0,,,0
242,4093.0947503201023,3742.0,365.84635083226635,781,d,a,6880.0,9.0,2001.0,0
243,7074.07062600321,6466.0,953.4670947030497,623,a,a,310.0,,,0
244,5271.098844672657,5051.0,540.3427471116817,779,d,a,710.0,3.0,2012.0,0
245,8897.663252240716,8688.0,1020.7567221510883,781,a,c,1310.0,,,0
246,7081.054846938776,6868.0,937.2997448979592,784,c,a,4660.0,4.0,2013.0,0
247,8576.710627400767,8187.0,683.966709346991,781,d,c,70.0,11.0,2010.0,0
248,8362.170918367347,7810.0,1112.5357142857142,784,a,c,340.0,9.0,2012.0,0
249,5285.823979591837,5076.0,537.734693877551,784,d,c,18010.0,9.0,2014.0,0
250,8470.623559539052,8061.0,657.9385403329065,781,d,a,3520.0,,,0
251,19123.068035943517,18566.0,2450.4929396662387,779,a,c,340.0,,,0
252,10615.512195121952,10052.0,809.630295250321,779,d,c,22330.0,,,0
253,5746.724005134788,5246.0,690.7137355584082,779,a,c,250.0,,,0
254,3005.9833119383825,3008.0,258.6739409499358,779,d,a,330.0,3.0,2008.0,0
255,6271.130937098845,6151.0,640.3632862644416,779,c,c,4630.0,3.0,2011.0,0
256,9832.87886597938,9340.5,1247.194587628866,776,a,c,80.0,9.0,2005.0,0
257,5335.585459183673,5411.5,632.0102040816327,784,a,a,420.0,12.0,2012.0,0
258,5642.096463022508,5451.0,493.88585209003213,622,a,a,27190.0,7.0,2010.0,0
259,11643.638412017168,11448.5,2372.296137339056,932,b,b,210.0,,,0
260,6559.997448979592,6484.0,911.4489795918367,784,a,a,540.0,10.0,2011.0,0
261,12616.487804878048,11048.0,948.9345314505777,779,d,c,15340.0,4.0,2015.0,0
262,20718.51592356688,19415.5,3402.0106157112527,942,b,a,1180.0,5.0,2013.0,0
263,3707.516077170418,3588.0,355.85530546623795,622,a,c,1140.0,5.0,2013.0,0
264,7234.240157480315,6830.0,954.3753280839895,762,a,a,180.0,3.0,2014.0,0
265,4954.829268292683,4759.0,503.25545571245186,779,a,a,4580.0,,,0
266,4389.757692307692,4336.5,531.3884615384616,780,a,c,360.0,3.0,2014.0,0
267,9289.160714285714,8949.0,1124.515306122449,784,c,a,2460.0,1.0,2012.0,0
268,4881.173469387755,4586.5,598.0293367346939,784,a,a,4520.0,2.0,2014.0,0
269,9346.706033376124,8588.0,1231.1001283697049,779,a,c,60.0,6.0,2015.0,0
270,9291.623724489797,9074.5,1205.0676020408164,784,a,a,1450.0,7.0,2014.0,0
271,7841.691025641026,7372.0,791.8602564102564,780,a,a,420.0,,,0
272,6237.314980793854,5749.0,629.5608194622279,781,a,a,16180.0,7.0,2003.0,0
273,7059.648267008986,6613.0,703.6521181001284,779,a,c,8480.0,,,0
274,4070.8283261802576,3608.0,992.7414163090128,932,b,b,3640.0,,,0
275,7443.842443729904,7193.5,749.2974276527331,622,d,a,300.0,5.0,2014.0,0
276,4091.1948717948717,4072.5,520.9487179487179,780,a,a,2960.0,10.0,2014.0,0
277,6444.519292604502,6069.5,535.2459807073955,622,d,c,7840.0,,,0
278,7142.1670918367345,6960.0,792.5994897959183,784,a,c,9260.0,2.0,2010.0,0
279,8881.08988764045,8351.0,667.5329052969503,623,d,c,2320.0,,,0
280,6267.489060489061,6085.0,521.0592020592021,777,d,c,18640.0,9.0,2013.0,0
281,5860.617346938776,5725.0,549.6543367346939,784,d,c,6970.0,9.0,2011.0,0
282,4408.584183673469,4279.0,640.983418367347,784,a,a,1220.0,12.0,2010.0,0
283,7114.1591639871385,6953.5,718.3263665594856,622,a,a,2260.0,,,0
284,5413.250803858521,5368.5,449.93247588424435,622,d,a,1290.0,,,0
285,5154.924455825864,5104.0,470.2381562099872,781,a,a,2410.0,,,0
286,4927.8202824133505,4544.0,430.45571245186136,779,a,a,1460.0,4.0,2015.0,0
287,8152.400321543409,8081.5,818.9983922829582,622,c,a,2740.0,5.0,2009.0,0
288,5625.733118971061,5325.5,422.5176848874598,622,d,a,800.0,,,0
289,6321.227912932139,6135.0,553.7093469910371,781,d,a,6540.0,12.0,2007.0,0
290,7014.1578947368425,6628.0,682.7060333761233,779,a,a,4150.0,5.0,2001.0,0
291,8023.039743589744,7777.5,840.35,780,d,a,,,,1
292,5774.090078328982,5695.5,706.5221932114882,766,a,a,1100.0,6.0,2009.0,0
293,6257.765006385696,5907.0,815.3754789272031,783,c,c,140.0,11.0,2007.0,0
294,5770.280409731114,5702.0,766.0243277848912,781,a,a,3150.0,5.0,2005.0,0
295,5285.4311454311455,5050.0,670.980694980695,777,a,a,210.0,11.0,2000.0,0
296,6963.460947503201,6663.0,754.8079385403329,781,a,a,9580.0,5.0,2007.0,0
297,6992.070785070785,6532.0,719.9305019305019,777,a,a,2300.0,9.0,2010.0,0
298,8398.617363344052,8218.0,691.2845659163987,622,d,a,19840.0,7.0,2009.0,0
299,6235.306122448979,5884.5,682.8287981859411,882,d,c,38630.0,9.0,2012.0,0
300,7077.595907928388,6871.0,878.6918158567775,782,a,c,120.0,4.0,2009.0,0
301,5538.441326530612,5431.5,596.1428571428571,784,a,c,4510.0,3.0,2015.0,0
302,3742.2842509603074,3727.0,323.3393085787452,781,d,c,2190.0,12.0,2007.0,0
303,6180.086049543676,5861.0,673.122555410691,767,a,a,15430.0,11.0,2012.0,0
304,7067.702806122449,6832.0,1055.938775510204,784,a,a,1950.0,7.0,2015.0,0
305,5347.341869398208,5081.0,507.4583866837388,781,c,c,2470.0,2.0,2005.0,0
306,4368.86655948553,4338.5,467.87942122186496,622,a,a,5100.0,4.0,2007.0,0
307,2703.7365728900254,2602.5,307.8056265984655,782,a,a,18660.0,9.0,2002.0,0
308,9353.162760416666,8824.5,938.48046875,768,a,a,1070.0,12.0,2006.0,0
309,6971.319640564827,6414.0,591.0320924261874,779,d,a,8740.0,,,0
310,8236.363433667782,8240.0,699.670011148272,897,a,c,2290.0,,,0
311,6638.587708066581,6390.0,789.1587708066581,781,a,c,680.0,7.0,2005.0,0
312,5568.157490396927,5165.0,538.6530089628682,781,d,a,11300.0,3.0,2012.0,0
313,7075.494884910486,6763.5,707.0140664961637,782,d,c,14160.0,,,0
314,5137.715019255455,4914.0,571.2580231065468,779,a,a,3560.0,10.0,2001.0,0
315,4252.410714285715,4213.0,449.57270408163265,784,a,c,38710.0,4.0,2013.0,0
316,9855.62516046213,9297.0,901.8382541720154,779,d,a,9000.0,8.0,2001.0,0
317,5379.4855305466235,5325.0,579.3183279742765,622,d,a,3140.0,7.0,2013.0,0
318,7527.716666666666,7325.0,658.7461538461539,780,d,c,32330.0,3.0,2014.0,0
319,7787.076530612245,7648.5,843.6849489795918,784,a,c,570.0,9.0,2012.0,0
320,14834.461734693878,14064.0,2063.123724489796,784,a,c,210.0,9.0,2012.0,0
321,5958.317948717949,5933.0,585.4641025641025,780,c,c,8140.0,11.0,2013.0,0
322,5021.1726342711,4850.5,547.8670076726343,782,a,a,17500.0,4.0,2001.0,0
323,7365.359435173299,7160.0,621.1424903722722,779,d,c,8400.0,4.0,2012.0,0
324,5687.985897435898,5449.0,721.7346153846154,780,a,a,13140.0,,,0
325,6484.645699614891,6279.0,673.0603337612323,779,a,c,350.0,3.0,2011.0,0
326,5008.903722721438,4918.0,418.74197689345317,779,d,a,10070.0,5.0,2015.0,0
327,7728.242930591259,7273.0,929.4832904884319,778,c,c,1390.0,12.0,2004.0,0
328,4432.029525032092,4363.0,520.3992297817715,779,a,a,3130.0,7.0,2002.0,0
329,6912.716302952504,6724.0,620.5211810012837,779,a,a,1310.0,6.0,1990.0,0
330,4166.6379974326055,4061.0,447.5545571245186,779,a,c,370.0,,,0
331,6160.85622593068,5914.0,820.2053915275994,779,a,c,670.0,,,0
332,3728.5666666666666,3776.0,501.4974358974359,780,a,a,1840.0,3.0,2006.0,0
333,9773.190051020409,9454.5,1267.109693877551,784,a,c,3720.0,2.0,2010.0,0
334,5428.385109114249,5225.0,562.1399229781772,779,d,c,4040.0,8.0,2008.0,0
335,13313.93949044586,12442.0,2385.2823779193204,942,b,a,90.0,,,0
336,13910.661538461538,13047.5,1960.3115384615385,780,a,a,190.0,7.0,2014.0,0
337,5049.653008962868,4955.0,383.93085787451986,781,d,c,10600.0,7.0,2005.0,0
338,7217.95390524968,6875.0,624.7311139564661,781,a,c,1590.0,,,0
339,5133.638888888889,4996.5,679.3597883597884,756,a,c,2280.0,,,0
340,6485.642857142857,6175.5,715.0382653061224,784,a,c,8080.0,,,0
341,5511.534017971759,5249.0,750.1347881899871,779,a,a,190.0,9.0,2011.0,0
342,11104.138486312399,10835.0,849.7342995169082,621,d,c,15770.0,,,0
343,7199.365853658536,6781.0,702.1591784338896,779,d,a,18650.0,4.0,2004.0,0
344,8481.108418367347,7882.0,1139.4107142857142,784,a,c,300.0,4.0,2011.0,0
345,4559.585209003216,4327.0,494.37781350482317,622,a,a,120.0,,,0
346,6830.500641848524,6623.0,619.6983311938383,779,a,c,8090.0,,,0
347,4804.190476190476,4660.0,386.68468468468467,777,d,c,9360.0,7.0,2013.0,0
348,8802.97487437186,8438.0,735.5577889447236,597,a,a,16490.0,,,0
349,8159.215714285714,7956.5,829.59,700,c,c,1490.0,4.0,2009.0,0
350,7013.133162612035,6831.0,529.4135723431498,781,d,a,8880.0,,,0
351,6046.867779204108,5745.0,518.8241335044929,779,a,a,5290.0,11.0,2012.0,0
352,6692.232142857143,6455.0,636.954081632653,784,d,c,6360.0,,,0
353,5645.298603651987,5528.0,1449.5273899033298,931,b,b,900.0,,,0
354,8390.581514762516,8264.0,705.4518613607189,779,d,c,1500.0,10.0,2005.0,0
355,9148.811224489797,8940.5,1101.6632653061224,784,a,c,9720.0,8.0,2013.0,0
356,5719.281853281854,5552.0,435.8018018018018,777,d,c,8970.0,12.0,2007.0,0
357,7795.470052083333,7376.0,1017.171875,768,a,a,2060.0,10.0,2008.0,0
358,10306.111681643133,9834.0,1122.591784338896,779,a,a,2890.0,10.0,2003.0,0
359,6851.255455712452,6757.0,611.9499358151476,779,d,c,4370.0,,,0
360,6935.459183673469,6681.5,756.5408163265306,784,a,a,2040.0,6.0,2007.0,0
361,6266.883333333333,6169.5,637.8230769230769,780,c,c,4490.0,5.0,2014.0,0
362,9376.65556978233,9042.0,1150.6184379001281,781,c,c,340.0,,,0
363,7134.2002551020405,6940.5,937.0854591836735,784,a,a,250.0,9.0,2009.0,0
364,4553.114137483787,4563.0,567.6264591439689,771,a,c,13620.0,,,0
365,5440.594202898551,5383.0,587.2061191626409,621,c,a,2410.0,,,0
366,6196.76282051282,6004.5,600.9282051282051,780,d,c,6470.0,12.0,2004.0,0
367,5254.238520408163,5060.5,542.7895408163265,784,d,c,2640.0,9.0,2012.0,0
368,9686.268983268983,9022.0,712.8803088803089,777,d,c,1450.0,4.0,2005.0,0
369,6856.559539052497,6806.0,577.2855313700384,781,d,c,5870.0,4.0,2014.0,0
370,7649.643132220795,7339.0,635.6328626444159,779,d,a,8250.0,10.0,2000.0,0
371,6889.756722151088,6609.0,544.4110115236875,781,d,c,1970.0,7.0,2009.0,0
372,8786.206675224646,8347.0,759.2991014120668,779,d,c,4880.0,8.0,2010.0,0
373,4530.5032175032175,4419.0,316.5444015444015,777,d,c,11120.0,,,0
374,7009.673469387755,7028.5,829.7359693877551,784,a,a,1150.0,9.0,2007.0,0
375,9164.384615384615,8849.0,758.975641025641,780,a,c,15710.0,2.0,2013.0,0
376,8460.12015503876,7998.5,949.9612403100775,774,a,a,160.0,8.0,2012.0,0
377,7818.526785714285,7425.0,969.4145408163265,784,a,c,100.0,6.0,2010.0,0
378,6324.801026957638,5994.0,970.1566110397946,779,a,c,2140.0,8.0,2012.0,0
379,3902.220663265306,3733.0,467.5395408163265,784,d,a,6630.0,,,0
380,14456.580231065469,14049.0,1380.4557124518615,779,a,a,2240.0,5.0,2013.0,0
381,9001.555128205127,9003.0,965.1910256410256,780,a,a,1800.0,11.0,2006.0,0
382,7985.847435897436,7578.5,651.2410256410257,780,c,c,26130.0,11.0,2002.0,0
383,17294.716666666667,17039.5,2205.4474358974358,780,a,c,350.0,,,0
384,8871.575447570332,8468.0,998.8554987212276,782,a,c,130.0,,,0
385,7348.519292604502,7265.5,654.5530546623794,622,d,a,4580.0,9.0,2007.0,0
386,8029.541720154044,7388.0,645.3966623876765,779,d,c,1460.0,4.0,2014.0,0
387,9362.590078328982,8825.5,1195.8015665796345,766,c,a,210.0,,,0
388,10257.920410783056,9541.0,1096.4454428754814,779,a,a,2260.0,,,0
389,10337.401785714286,10176.0,1265.4107142857142,784,a,c,6690.0,8.0,2011.0,0
390,11568.65641025641,11037.5,1067.3897435897436,780,a,c,1600.0,4.0,2009.0,0
391,5719.555989583333,5583.0,690.5260416666666,768,a,a,460.0,11.0,2014.0,0
392,7279.428754813864,6902.0,718.0821566110397,779,a,a,2120.0,,,0
393,5903.06675224647,5693.0,587.2567394094993,779,d,c,4820.0,3.0,2008.0,0
394,8353.245838668374,8200.0,661.8719590268886,781,d,a,10850.0,,,0
395,3989.1347881899874,3906.0,519.6546854942234,779,a,a,3620.0,2.0,2013.0,0
396,10222.092307692308,9842.5,1077.9089743589743,780,a,c,23130.0,,,0
397,5574.883183568678,5116.0,750.2156611039794,779,a,c,130.0,,,0
398,5496.522959183673,5353.5,614.6160714285714,784,c,c,1540.0,,,0
399,5558.84887459807,5307.0,564.9823151125402,622,a,a,5360.0,9.0,2012.0,0
400,8745.718670076727,8094.5,1200.6496163682864,782,a,a,70.0,11.0,2004.0,0
401,7026.532051282052,6825.0,646.8448717948718,780,a,c,9200.0,10.0,2009.0,0
402,5857.991025641026,5687.0,615.4269230769231,780,c,c,5830.0,9.0,2011.0,0
403,7468.523748395379,7378.0,736.6867779204108,779,a,a,4970.0,7.0,2015.0,0
404,4785.223978919631,4674.0,571.3109354413702,759,a,c,1420.0,,,0
405,4520.699614890886,3942.0,487.70346598202826,779,a,a,1080.0,4.0,2008.0,0
406,6111.059050064185,5941.0,474.06418485237486,779,d,c,8240.0,3.0,2001.0,0
407,3886.744372990354,3805.0,314.65434083601286,622,a,a,5890.0,10.0,2003.0,0
408,4727.774774774774,4669.0,465.0617760617761,777,c,a,1560.0,,,0
409,5527.358514724712,5359.0,543.6760563380282,781,d,c,840.0,,,0
410,6443.878048780488,5954.0,802.2079589216945,779,c,a,40.0,11.0,2011.0,0
411,9133.364916773367,8794.0,700.8476312419974,781,d,c,8460.0,,,0
412,9102.122186495177,8715.5,644.7154340836013,622,d,c,4460.0,,,0
413,7058.2170418006435,6959.0,890.0192926045016,622,a,c,760.0,9.0,2014.0,0
414,6427.97695262484,6273.0,484.14084507042253,781,d,c,6210.0,,,0
415,6234.834615384615,6070.0,521.2807692307692,780,d,c,6910.0,4.0,2005.0,0
416,11012.00637755102,10534.0,1398.3890306122448,784,a,c,4650.0,6.0,2014.0,0
417,7633.281129653402,7245.0,804.002567394095,779,a,c,840.0,,,0
418,5275.851804123711,5122.5,551.5528350515464,776,a,a,1060.0,5.0,2009.0,0
419,5311.158163265306,5063.5,852.0612244897959,784,c,a,1620.0,9.0,2009.0,0
420,4540.3408360128615,4384.5,403.1897106109325,622,d,c,250.0,,,0
421,9588.251275510203,9040.0,1014.390306122449,784,c,c,3530.0,6.0,2012.0,0
422,4559.059948979592,4435.0,464.5229591836735,784,a,c,2880.0,,,0
423,10828.403397027601,10484.0,1886.1305732484077,942,b,a,1270.0,5.0,2014.0,0
424,6925.756097560976,6587.0,773.421052631579,779,d,c,1250.0,,,0
425,3237.659793814433,3153.0,434.3814432989691,776,d,c,1460.0,,,0
426,5068.396662387677,4645.0,633.839537869063,779,a,a,250.0,,,0
427,7643.243980738363,6853.0,771.0930979133226,623,a,c,70.0,7.0,2005.0,0
428,6287.5048231511255,6074.0,526.5755627009646,622,d,a,2960.0,12.0,2014.0,0
429,5321.144694533762,5139.5,429.4260450160772,622,d,c,16350.0,7.0,2005.0,0
430,8632.471061093247,8408.0,699.9131832797427,622,d,c,12870.0,10.0,2008.0,0
431,9524.926829268292,9259.0,1002.4544287548139,779,d,c,4520.0,,,0
432,10982.871173469388,11065.0,1554.7283163265306,784,a,a,810.0,5.0,2013.0,0
433,5360.865429234339,5407.0,615.7331786542924,862,a,c,30030.0,11.0,2010.0,0
434,9904.823151125402,9849.5,741.6591639871383,622,a,a,13020.0,8.0,2003.0,0
435,3277.6919127086007,3146.0,384.1630295250321,779,a,a,910.0,,,0
436,5509.484615384616,5311.5,616.7410256410257,780,d,a,2300.0,,,0
437,7366.717948717948,7019.0,726.9448717948718,780,c,c,430.0,,,0
438,5153.723076923077,4762.0,524.3269230769231,780,d,c,1110.0,,,0
439,7294.942602040816,6912.5,885.1364795918367,784,a,a,1350.0,9.0,2009.0,0
440,5156.078507078507,5002.0,588.9626769626769,777,d,a,3900.0,4.0,2005.0,0
441,6328.351732991014,6259.0,699.6534017971759,779,d,a,2530.0,,,0
442,4379.133848133848,4386.0,461.33590733590734,777,c,a,500.0,,,0
443,5251.096153846154,5021.0,488.8551282051282,780,d,a,11400.0,12.0,2005.0,0
444,12188.706563706564,11686.0,1423.1209781209782,777,c,a,1700.0,11.0,2009.0,0
445,8600.150773195875,8420.5,1356.8659793814434,776,a,a,240.0,,,0
446,4932.165596919127,4743.0,635.0564826700898,779,a,a,340.0,10.0,2000.0,0
447,5307.622448979592,5108.5,619.391581632653,784,a,c,1510.0,9.0,2013.0,0
448,8484.065468549423,8245.0,741.9216944801027,779,a,c,3970.0,9.0,2009.0,0
449,11253.74647887324,10697.0,1534.93085787452,781,a,c,120.0,12.0,2014.0,0
450,8790.513513513513,8709.0,1089.900900900901,777,c,a,5780.0,11.0,1994.0,0
451,5439.3239436619715,5254.0,458.66325224071704,781,a,a,2460.0,4.0,2009.0,0
452,5149.841836734694,5024.0,478.32525510204084,784,a,c,1850.0,8.0,2013.0,0
453,7775.446448703495,7259.0,914.5749718151071,887,a,c,75860.0,,,0
454,5794.123076923077,5863.5,706.5833333333334,780,a,a,26450.0,,,0
455,7371.391248391248,7130.0,463.23423423423424,777,d,c,7660.0,9.0,2010.0,0
456,6190.5609756097565,5833.0,895.3196405648267,779,a,c,140.0,,,0
457,4840.5530546623795,4647.5,432.6897106109325,622,d,c,13140.0,,,0
458,7582.117797695262,7427.0,702.6722151088348,781,c,a,3390.0,,,0
459,9176.75,8620.5,1130.2015306122448,784,a,a,250.0,9.0,2008.0,0
460,3736.0089743589742,3578.5,345.28076923076924,780,a,a,34050.0,4.0,2008.0,0
461,4838.66537966538,4739.0,476.5289575289575,777,d,c,1790.0,7.0,2013.0,0
462,4832.588461538461,4764.0,606.2153846153847,780,a,a,44320.0,8.0,2008.0,0
463,6094.671373555841,5939.0,969.4274711168164,779,a,a,4160.0,,,0
464,10642.683673469388,10254.0,1305.593112244898,784,c,a,520.0,3.0,2009.0,0
465,7762.806658130602,7519.0,604.6875800256082,781,d,c,10890.0,4.0,2005.0,0
466,7712.365853658536,7421.0,755.7637997432606,779,a,c,3110.0,3.0,2003.0,0
467,13480.147625160462,13007.0,1613.6508344030808,779,a,c,20390.0,4.0,2008.0,0
468,6669.660714285715,6223.5,754.5841836734694,784,c,c,5260.0,9.0,2012.0,0
469,11901.456632653062,11597.0,1520.6301020408164,784,c,c,710.0,9.0,2005.0,0
470,13111.742268041236,12840.0,1774.9703608247423,776,a,c,50.0,,,0
471,7109.752411575562,7004.0,590.2041800643087,622,d,a,5300.0,,,0
472,5204.651785714285,5051.0,692.9515306122449,784,c,c,5030.0,8.0,2011.0,0
473,3552.3016688061616,3377.0,486.5186136071887,779,a,a,50.0,,,0
474,7526.818414322251,7311.5,736.806905370844,782,c,a,14810.0,,,0
475,6473.81443298969,6386.0,981.9342783505155,776,a,a,140.0,9.0,2005.0,0
476,5851.6038461538465,5733.5,649.7987179487179,780,d,a,8300.0,9.0,2006.0,0
477,6213.688102893891,5949.5,449.887459807074,622,d,a,770.0,7.0,2010.0,0
478,6806.948979591837,6475.0,699.3928571428571,784,d,c,1940.0,3.0,2012.0,0
479,11230.879795396419,11014.5,1328.8286445012789,782,a,a,320.0,12.0,2005.0,0
480,4935.890306122449,4871.5,623.4604591836735,784,a,a,300.0,11.0,2012.0,0
481,5155.379001280409,4838.0,476.7144686299616,781,c,c,7470.0,,,0
482,8334.617647058823,8038.0,920.9066496163683,782,c,a,2550.0,10.0,2005.0,0
483,4948.424358974359,4859.5,650.0179487179487,780,a,c,2310.0,9.0,2011.0,0
484,7717.669642857143,7547.0,739.8635204081633,784,a,c,14300.0,3.0,2011.0,0
485,4871.011254019292,4734.0,420.9871382636656,622,d,c,3270.0,,,0
486,4266.7432605905005,4045.0,520.0231065468549,779,a,a,2320.0,,,0
487,6999.2997448979595,6878.5,676.7742346938776,784,d,c,2180.0,9.0,2012.0,0
488,3686.3188775510203,3519.5,388.0012755102041,784,a,c,2890.0,4.0,2014.0,0
489,7306.367948717949,6730.0,649.6294871794872,780,a,a,14960.0,11.0,2013.0,0
490,8249.728295819936,8176.5,1063.7202572347267,622,a,a,660.0,4.0,2013.0,0
491,6746.462033462033,6547.0,527.2921492921492,777,d,c,4680.0,,,0
492,7859.125407166124,7423.0,1156.2475570032573,614,a,a,1740.0,3.0,2008.0,0
493,8295.668806161746,7900.0,808.2618741976894,779,d,c,1150.0,,,0
494,7649.296178343949,7565.0,1079.6061571125265,942,b,a,1260.0,6.0,2011.0,0
495,5154.718146718146,4886.0,394.9034749034749,777,d,a,5470.0,,,0
496,7728.900510204082,7348.0,830.2525510204082,784,d,c,2780.0,6.0,2015.0,0
497,9062.122919334188,8784.0,1116.3572343149808,781,a,c,1610.0,,,0
498,6996.5337620578775,6886.5,884.5675241157556,622,a,a,990.0,,,0
499,5155.988416988417,4996.0,737.6782496782497,777,c,c,450.0,,,0
500,5354.036977491962,5242.0,395.55627009646304,622,d,c,10690.0,9.0,2007.0,0
501,5378.180064308682,5196.5,587.8102893890675,622,a,c,1620.0,9.0,2006.0,0
502,10823.524547803618,10291.0,1519.653746770026,774,a,a,220.0,2.0,2002.0,0
503,6698.198717948718,6390.0,470.5910256410256,780,d,c,13080.0,9.0,2006.0,0
504,6673.158163265306,6279.0,953.405612244898,784,c,c,820.0,,,0
505,4776.280566280566,4545.0,594.6113256113256,777,a,a,350.0,,,0
506,7581.344030808729,7019.0,841.7021822849807,779,a,a,1850.0,12.0,2014.0,0
507,8455.770218228497,8103.0,663.777920410783,779,a,c,9070.0,4.0,2011.0,0
508,6767.6997422680415,6332.0,662.5128865979382,776,a,c,1280.0,,,0
509,6125.062740076824,5748.0,518.3124199743918,781,a,a,4740.0,7.0,2008.0,0
510,8196.739409499358,8058.0,842.2002567394095,779,a,c,8260.0,,,0
511,5662.320153061224,5524.5,810.5982142857143,784,a,a,2060.0,9.0,2009.0,0
512,5510.978523489933,5325.0,1287.971812080537,745,b,b,590.0,,,0
513,18179.089285714286,17787.0,2096.3354591836733,784,a,a,400.0,8.0,2013.0,0
514,5756.009646302251,5351.0,603.9662379421222,622,c,c,1200.0,7.0,2012.0,0
515,9058.152759948653,8964.0,738.3080872913993,779,d,c,11260.0,,,0
516,5879.084724005134,5451.0,760.5481386392811,779,a,c,20.0,,,0
517,5962.438735177866,5658.0,650.9222661396575,759,a,c,22490.0,,,0
518,5865.123595505618,5793.0,504.3097913322632,623,d,c,3330.0,3.0,2015.0,0
519,5306.320153061224,5115.5,559.0765306122449,784,c,c,2510.0,8.0,2009.0,0
520,3869.7321428571427,3720.0,413.0573979591837,784,a,c,6900.0,,,0
521,5181.014120667523,5052.0,426.4929396662388,779,d,a,18610.0,11.0,2002.0,0
522,8222.889245585875,8078.0,633.0224719101124,623,d,c,7160.0,11.0,2012.0,0
523,15530.605867346938,14973.0,1782.9119897959183,784,c,c,50.0,11.0,2013.0,0
524,7710.819523269012,7681.0,818.5017026106697,881,a,c,40860.0,9.0,2013.0,0
525,10233.026819923372,10108.0,875.5670498084291,783,d,c,1870.0,9.0,2013.0,0
526,10630.231457800512,9986.0,1456.700767263427,782,a,a,120.0,,,0
527,10734.693982074265,10481.0,1000.4903969270166,781,d,c,5830.0,4.0,2008.0,0
528,10704.444159178434,10083.0,955.4492939666238,779,a,c,20620.0,,,0
529,7823.783163265306,7531.5,761.1926020408164,784,d,c,12920.0,9.0,2012.0,0
530,4634.323399558499,4425.0,750.8057395143488,906,a,c,18160.0,,,0
531,4901.934948979592,4744.5,600.6071428571429,784,a,c,4030.0,,,0
532,10894.865211810013,10740.0,1278.9075738125803,779,a,c,1070.0,8.0,2010.0,0
533,9659.648648648648,9169.0,902.2316602316603,777,a,c,5950.0,,,0
534,7519.556982343499,7253.0,568.6966292134831,623,d,a,1200.0,9.0,2009.0,0
535,8115.771501925546,7826.0,922.6136071887034,779,a,a,3570.0,4.0,2007.0,0
536,8323.613607188703,7946.0,883.0346598202824,779,a,c,4700.0,9.0,2002.0,0
537,5580.178893178893,5307.0,604.2329472329473,777,a,a,600.0,5.0,2002.0,0
538,3859.0242346938776,3765.0,567.9247448979592,784,a,a,990.0,2.0,2010.0,0
539,11310.963022508038,11209.5,1142.2797427652733,622,a,a,770.0,5.0,2013.0,0
540,5648.990353697749,5314.0,391.3118971061093,622,d,c,810.0,,,0
541,6720.812580231065,6259.0,857.0834403080873,779,a,c,650.0,7.0,1990.0,0
542,6246.641479099679,5986.5,531.6398713826367,622,a,a,7280.0,9.0,2012.0,0
543,2790.3802816901407,2293.0,240.18309859154928,781,c,a,1080.0,12.0,2012.0,0
544,14094.498717948718,13180.0,1845.071794871795,780,a,a,250.0,12.0,2001.0,0
545,10635.256739409499,9790.0,1026.8177150192555,779,a,c,5020.0,5.0,2006.0,0
546,13681.53443877551,13292.5,1621.279336734694,784,a,a,580.0,1.0,2005.0,0
547,5752.490353697749,5611.0,442.2475884244373,622,d,c,8990.0,11.0,2009.0,0
548,5066.426527958388,4729.0,400.4005201560468,769,d,c,3760.0,2.0,2009.0,0
549,4642.716836734694,4576.5,547.7130102040817,784,a,c,2330.0,,,0
550,5973.627400768246,5866.0,496.6491677336748,781,d,c,50.0,6.0,2015.0,0
551,6559.378826530612,6206.0,987.7423469387755,784,a,c,2190.0,9.0,2013.0,0
552,7721.866837387965,6621.0,689.8962868117798,781,a,a,4260.0,7.0,2008.0,0
553,7038.598455598456,6648.0,638.7464607464608,777,c,a,3040.0,9.0,2002.0,0
554,4481.014030612245,4370.5,546.015306122449,784,c,c,1200.0,,,0
555,5173.860353130016,5000.0,479.0256821829856,623,d,a,1560.0,1.0,2014.0,0
556,7178.753512132823,6744.0,830.7241379310345,783,d,c,1140.0,11.0,2014.0,0
557,4383.079691516709,4085.5,676.0167095115681,778,a,a,250.0,,,0
558,3241.5242346938776,3145.5,453.02933673469386,784,a,a,3000.0,2.0,2010.0,0
559,5882.961538461538,5790.5,750.2782051282052,780,d,a,3910.0,11.0,2006.0,0
560,13612.859437751003,13322.0,1640.2771084337348,747,c,c,1910.0,7.0,2013.0,0
561,6913.826700898588,6633.0,682.9152759948652,779,d,a,14300.0,,,0
562,17969.55626326964,18029.5,3105.0530785562632,942,b,c,1210.0,,,0
563,5513.492268041237,5285.0,702.6237113402062,776,a,a,700.0,3.0,2015.0,0
564,5528.115532734275,5366.0,488.6341463414634,779,d,c,6540.0,,,0
565,6636.4172015404365,6185.0,792.3170731707318,779,a,c,160.0,7.0,2007.0,0
566,4904.639030612245,4746.5,544.843112244898,784,a,a,3620.0,,,0
567,5241.504492939666,4970.0,671.4197689345315,779,c,a,1010.0,9.0,2012.0,0
568,4877.496798975672,4721.0,413.90012804097313,781,d,c,4270.0,,,0
569,4519.556122448979,4597.0,652.8520408163265,784,a,a,1340.0,9.0,2006.0,0
570,4535.404364569961,4193.0,661.790757381258,779,a,a,180.0,11.0,2006.0,0
571,7742.750803858521,7484.5,575.6382636655949,622,d,a,2110.0,11.0,1995.0,0
572,6888.75,6515.0,571.5154639175257,776,d,c,9230.0,4.0,2004.0,0
573,3974.773311897106,3648.0,335.40514469453376,622,a,a,1190.0,11.0,2012.0,0
574,8898.217503217504,8559.0,666.5740025740025,777,d,a,4400.0,,,0
575,5367.566613162119,4613.0,492.95666131621186,623,a,a,960.0,5.0,2008.0,0
576,6982.517857142857,6643.5,965.0701530612245,784,c,a,50.0,11.0,2006.0,0
577,4953.4170918367345,4747.0,583.3762755102041,784,a,c,2270.0,,,0
578,8164.39178690344,8021.0,773.6392896781354,901,d,a,12700.0,4.0,2013.0,0
579,8294.347881899872,8044.0,911.4017971758665,779,c,a,20970.0,11.0,2012.0,0
580,10197.661989795919,9737.5,1602.7474489795918,784,a,c,170.0,2.0,2009.0,0
581,5333.718870346598,4992.0,587.6469833119384,779,a,a,7250.0,12.0,2013.0,0
582,7023.083120204604,6570.5,863.3184143222506,782,a,a,120.0,,,0
583,4311.907692307693,4199.0,449.08076923076925,780,a,a,2640.0,11.0,2002.0,0
584,4734.89628681178,4617.0,433.43405889884764,781,d,a,1360.0,,,0
585,5675.156887755102,5401.0,862.9987244897959,784,d,c,440.0,4.0,2014.0,0
586,15131.960051546392,14930.0,2361.4149484536083,776,a,c,250.0,10.0,2008.0,0
587,9663.285714285714,9323.0,685.6886035313001,623,d,c,330.0,9.0,2006.0,0
588,6154.610969387755,5954.5,661.1466836734694,784,d,c,15720.0,3.0,2010.0,0
589,4672.622192866578,4341.0,493.8678996036988,757,a,c,360.0,,,0
590,4984.169884169884,4824.0,391.5997425997426,777,d,c,4520.0,9.0,2010.0,0
591,5700.705276705276,5584.0,498.72200772200773,777,a,c,3340.0,,,0
592,4448.5109114249035,4391.0,570.01026957638,779,a,a,2540.0,6.0,2005.0,0
593,9507.956632653062,9053.0,1231.766581632653,784,a,c,33060.0,3.0,2010.0,0
594,4155.866071428572,4215.0,456.67602040816325,784,a,a,1790.0,10.0,2011.0,0
595,15019.109693877552,14504.5,1763.4132653061224,784,c,c,1130.0,6.0,2015.0,0
596,4505.818877551021,4363.0,698.3864795918367,784,c,a,290.0,9.0,2006.0,0
597,5080.224646983312,4918.0,727.5250320924262,779,a,a,150.0,9.0,2008.0,0
598,5892.2926045016075,5830.0,728.6012861736334,622,c,a,550.0,12.0,2013.0,0
599,9769.727040816326,9638.0,875.5637755102041,784,d,c,580.0,11.0,2014.0,0
600,6996.617346938776,6723.0,619.2538265306123,784,d,c,17340.0,6.0,2010.0,0
601,4875.769526248399,4759.0,394.29065300896286,781,d,a,8220.0,4.0,2014.0,0
602,6300.167733674776,6011.0,614.1971830985915,781,a,a,2710.0,7.0,2001.0,0
603,6933.314136125655,6443.5,945.6348167539267,764,a,a,340.0,4.0,2007.0,0
604,7963.988745980708,7616.5,591.7636655948553,622,d,a,10950.0,3.0,2014.0,0
605,7026.735218508998,6748.5,508.7146529562982,778,d,a,10310.0,4.0,2003.0,0
606,5839.210459183673,5672.0,620.8214285714286,784,a,a,2260.0,11.0,2007.0,0
607,3901.910485933504,3600.0,414.07544757033247,782,a,a,350.0,8.0,1999.0,0
608,9326.971794871795,8931.5,942.5756410256411,780,a,c,18370.0,2.0,2013.0,0
609,4638.048469387755,4680.5,504.6198979591837,784,a,a,2070.0,9.0,2007.0,0
610,4197.630295250321,3916.0,520.3992297817715,779,a,a,660.0,1.0,2007.0,0
611,5792.303858520901,5652.0,490.524115755627,622,a,a,8080.0,12.0,2002.0,0
612,6816.088282504013,6703.0,424.1781701444623,623,d,c,2490.0,11.0,2012.0,0
613,6728.372122762148,6390.0,1000.8503836317135,782,c,a,250.0,6.0,2007.0,0
614,6590.615384615385,6363.0,941.1858974358975,780,a,a,1160.0,12.0,2012.0,0
615,9712.421254801537,9315.0,1240.1075544174137,781,d,a,730.0,8.0,2007.0,0
616,8487.512195121952,8234.0,830.421052631579,779,a,c,3040.0,8.0,2011.0,0
617,6359.165384615385,6356.5,574.6948717948718,780,a,c,8940.0,,,0
618,6830.578745198463,6679.0,505.5672215108835,781,d,c,9910.0,,,0
619,4303.602893890676,4072.5,428.88263665594855,622,a,a,1600.0,6.0,2006.0,0
620,7773.766881028939,7664.0,709.3585209003215,622,d,c,5440.0,,,0
621,5916.224646983312,5633.0,806.4967907573813,779,a,a,30.0,7.0,2002.0,0
622,4317.961734693878,4253.5,430.0,784,a,c,,,,1
623,7127.467447916667,6988.5,832.2096354166666,768,a,a,4080.0,3.0,2011.0,0
624,7019.06675224647,6858.0,682.8831835686777,779,a,c,6920.0,9.0,2011.0,0
625,6300.195121951219,5966.0,616.8536585365854,779,a,a,1170.0,4.0,2011.0,0
626,9382.529487179487,8958.0,829.624358974359,780,c,c,10740.0,11.0,2013.0,0
627,5991.252240717029,5899.0,615.617157490397,781,c,c,3970.0,3.0,2010.0,0
628,6231.0829081632655,5933.0,762.9387755102041,784,a,c,2180.0,,,0
629,7652.739549839228,7445.5,678.6382636655949,622,d,a,510.0,7.0,2014.0,0
630,6935.852374839538,6812.0,793.5763799743261,779,a,a,1690.0,4.0,2015.0,0
631,5400.307397959184,5160.5,638.4413265306123,784,d,c,2870.0,,,0
632,7028.774234693878,6899.0,903.6135204081633,784,a,a,3350.0,2.0,2010.0,0
633,7207.2170418006435,7062.5,549.7797427652733,622,d,a,11640.0,4.0,2005.0,0
634,6713.289743589744,6358.0,651.2025641025641,780,d,a,18610.0,,,0
635,5909.244871794872,5718.5,596.7166666666667,780,a,a,27530.0,4.0,2014.0,0
636,5927.699839486357,5256.0,714.8218298555378,623,c,a,720.0,10.0,2004.0,0
637,8707.263665594855,8388.5,693.0643086816721,622,d,c,9790.0,,,0
638,6009.605177993528,5937.0,507.7135922330097,618,d,a,10170.0,11.0,2001.0,0
639,4734.697047496791,4530.0,485.98331193838254,779,a,a,7780.0,11.0,2006.0,0
640,11533.978177150193,11198.0,879.5083440308088,779,d,c,8040.0,,,0
641,5764.295250320924,5448.0,538.0641848523749,779,a,c,610.0,12.0,2003.0,0
642,3652.7098844672655,3522.0,479.8818998716303,779,c,c,530.0,4.0,2005.0,0
643,7994.431122448979,7620.0,1020.2436224489796,784,a,a,230.0,6.0,2010.0,0
644,9353.057432432432,9115.5,1029.5135135135135,592,c,a,4030.0,12.0,2004.0,0
645,10730.2574002574,10264.0,1327.2921492921494,777,a,a,90.0,,,0
646,5025.926045016077,4828.5,706.4083601286173,622,a,a,620.0,9.0,2014.0,0
647,5774.5752551020405,5499.0,677.4910714285714,784,a,c,7420.0,4.0,2013.0,0
648,6573.996173469388,6423.5,609.8214285714286,784,d,a,2130.0,12.0,2008.0,0
649,3683.7923076923075,3632.5,386.67820512820515,780,a,a,14570.0,11.0,2002.0,0
650,6391.008038585209,6358.0,663.8247588424438,622,a,a,1420.0,10.0,2012.0,0
651,7615.865211810013,7389.0,948.4197689345315,779,a,a,200.0,,,0
652,6637.632992327366,6248.0,681.0153452685422,782,a,a,20390.0,,,0
653,5915.504492939666,5678.0,500.17971758664953,779,d,c,7520.0,7.0,2014.0,0
654,6475.152564102564,6297.0,684.1833333333333,780,c,a,6930.0,9.0,2006.0,0
655,8031.711168164314,7566.0,687.4467265725289,779,d,c,960.0,11.0,2012.0,0
656,3245.192061459667,3141.0,379.1664532650448,781,d,a,410.0,4.0,2009.0,0
657,6054.715206185567,5585.5,766.1546391752578,776,c,c,80.0,1.0,2006.0,0
658,6058.83055198973,5776.0,598.6264441591784,779,d,c,520.0,,,0
659,5643.966709346991,5391.0,685.0717029449423,781,d,a,1590.0,3.0,2012.0,0
660,4616.599678456591,4397.0,497.46945337620576,622,a,a,1200.0,11.0,2006.0,0
661,7157.221066319896,7063.0,589.0884265279584,769,d,c,2140.0,7.0,2013.0,0
662,8439.524234693878,7851.0,771.3456632653061,784,d,a,1070.0,,,0
663,4786.2258916776755,4841.0,652.9260237780713,757,a,c,7860.0,5.0,2005.0,0
664,4946.3564102564105,4641.5,602.4089743589743,780,d,c,1680.0,10.0,2005.0,0
665,8207.252903225806,7788.0,1259.189677419355,775,a,a,90.0,12.0,2012.0,0
666,7016.610038610039,6986.0,654.8378378378378,777,c,c,2700.0,,,0
667,8786.501915708812,8375.0,793.330779054917,783,d,c,2870.0,9.0,2012.0,0
668,8940.853316326531,8594.0,1156.7295918367347,784,c,a,1270.0,9.0,2010.0,0
669,4514.2347266881025,4406.0,393.92122186495175,622,d,a,17080.0,7.0,2012.0,0
670,6589.94847020934,6242.0,700.5958132045089,621,a,a,2060.0,,,0
671,5935.5,5727.5,593.8569131832797,622,a,c,2070.0,2.0,2008.0,0
672,8837.105128205128,8588.5,1389.2141025641026,780,c,a,240.0,9.0,2002.0,0
673,7126.018018018018,6717.0,582.7335907335907,777,d,c,15170.0,,,0
674,8193.349865951743,7811.5,1014.1219839142091,746,a,a,2640.0,12.0,2005.0,0
675,4278.189500640205,4153.0,448.37131882202306,781,a,a,2100.0,8.0,2013.0,0
676,7687.464052287582,7395.0,1687.5936819172114,918,b,b,1410.0,9.0,2008.0,0
677,7938.98231511254,7657.5,637.6736334405144,622,d,a,1740.0,6.0,2014.0,0
678,7299.937098844673,6825.0,825.3196405648267,779,c,a,3250.0,,,0
679,9943.924744897959,9589.5,1061.4183673469388,784,a,a,4140.0,9.0,2012.0,0
680,5205.306122448979,4984.5,791.0191326530612,784,c,a,170.0,,,0
681,3561.5071707953066,3435.0,488.9400260756193,767,a,c,620.0,,,0
682,11207.408704883228,11113.5,1758.8428874734607,942,b,a,150.0,9.0,2006.0,0
683,9147.085459183674,8796.0,878.3022959183673,784,a,a,2850.0,7.0,2014.0,0
684,7721.36655948553,7554.0,619.2106109324759,622,d,c,680.0,,,0
685,6630.550706033376,6487.0,612.4531450577664,779,a,a,650.0,11.0,2013.0,0
686,6250.410256410257,6049.5,753.7179487179487,780,a,a,20050.0,4.0,2002.0,0
687,8372.464698331194,8110.0,734.3838254172016,779,d,c,2770.0,,,0
688,3615.8333333333335,3581.0,364.1474358974359,780,a,a,18760.0,8.0,2015.0,0
689,7046.112676056338,6646.0,713.4519846350832,781,d,a,15040.0,10.0,2004.0,0
690,5589.987163029525,5333.0,792.1514762516047,779,a,a,100.0,,,0
691,8371.011553273427,8188.0,621.3106546854942,779,d,c,3030.0,,,0
692,6588.4172015404365,6128.0,797.0654685494223,779,a,a,40.0,8.0,2001.0,0
693,6607.938540332906,5437.0,494.5339308578745,781,d,a,450.0,,,0
694,8047.522508038585,8081.5,776.3183279742765,622,a,c,460.0,11.0,2012.0,0
695,5393.123234916559,4978.0,513.8793324775353,779,a,a,550.0,7.0,2011.0,0
696,7850.139030612245,7519.0,995.5892857142857,784,a,c,430.0,,,0
697,10656.173299101412,10223.0,1004.6418485237484,779,d,a,3780.0,,,0
698,15564.119897959185,15206.0,1936.6122448979593,784,a,a,1790.0,5.0,2011.0,0
699,8320.129242819843,8031.5,978.2140992167102,766,a,a,180.0,,,0
700,4356.482166446499,4106.0,527.1360634081902,757,a,c,830.0,,,0
701,5778.974276527331,5495.5,629.6479099678456,622,d,a,1450.0,3.0,2012.0,0
702,4373.971061093248,4144.5,347.21864951768487,622,a,a,8550.0,9.0,2001.0,0
703,3290.5340179717587,3076.0,352.5571245186136,779,a,a,80.0,6.0,2005.0,0
704,10393.865900383142,10089.0,1077.5478927203064,783,d,c,1910.0,4.0,2009.0,0
705,7967.267008985879,7566.0,959.3324775353017,779,a,a,4140.0,9.0,2012.0,0
706,5743.2652733118975,5677.5,524.4324758842444,622,d,a,7830.0,9.0,2014.0,0
707,8319.731707317073,8033.0,913.9537869062901,779,a,c,2900.0,7.0,1990.0,0
708,4571.989825581395,4287.5,472.95348837209303,688,c,c,11470.0,10.0,2009.0,0
709,9886.915816326531,10275.5,1297.7372448979593,784,a,a,500.0,12.0,2010.0,0
710,4546.652733118971,4376.5,373.1864951768489,622,d,a,1500.0,9.0,2008.0,0
711,6914.39165329053,6472.0,511.3194221508828,623,d,a,17110.0,3.0,2007.0,0
712,6421.442122186495,6038.0,574.676848874598,622,a,a,4870.0,9.0,2007.0,0
713,10718.055198973043,10398.0,1313.7663671373555,779,a,c,220.0,,,0
714,4553.947232947233,4395.0,331.1222651222651,777,d,c,12070.0,10.0,2005.0,0
715,6491.095360824742,6371.0,675.4033505154639,776,a,a,14810.0,6.0,2014.0,0
716,5717.081993569132,5620.0,454.3086816720257,622,d,a,3200.0,1.0,2008.0,0
717,5552.894736842105,5110.0,559.421052631579,779,d,c,310.0,,,0
718,7911.313700384123,7742.0,855.2394366197183,781,a,a,1100.0,6.0,2015.0,0
719,5383.604501607717,5235.0,456.7524115755627,622,c,c,8190.0,,,0
720,7166.128826530612,6862.0,717.4795918367347,784,a,c,15320.0,3.0,2011.0,0
721,7673.413265306122,7480.0,756.204081632653,784,a,c,3590.0,9.0,2012.0,0
722,9836.646683673469,9506.0,1583.0663265306123,784,a,a,50.0,,,0
723,7032.10371318822,6764.0,566.8386683738796,781,d,c,5650.0,9.0,2008.0,0
724,6812.905006418485,6539.0,699.1065468549423,779,d,c,5900.0,,,0
725,5747.4247448979595,5516.0,595.3571428571429,784,d,c,17540.0,6.0,2012.0,0
726,11048.673076923076,10555.5,1064.5333333333333,780,a,c,40540.0,2.0,2002.0,0
727,4529.290653008963,4431.0,452.8335467349552,781,a,a,2050.0,3.0,2007.0,0
728,5245.70785070785,5166.0,458.06048906048903,777,d,a,13990.0,,,0
729,10548.913992297817,9885.0,1082.3350449293966,779,c,c,8980.0,6.0,2011.0,0
730,8055.372448979592,7735.0,984.2755102040817,784,c,a,1190.0,9.0,2013.0,0
731,9249.2293814433,8653.0,950.9175257731958,776,a,a,15270.0,,,0
732,5816.439411098528,5411.0,661.4597961494903,883,a,c,35280.0,,,0
733,14933.288747346072,14795.5,3403.458598726115,942,b,b,860.0,10.0,1999.0,0
734,5980.523748395379,5821.0,566.0513478818999,779,a,a,220.0,,,0
735,5518.541025641026,5065.0,544.3371794871795,780,d,c,1920.0,4.0,2005.0,0
736,5244.075562700965,5089.5,509.2829581993569,622,c,c,1650.0,,,0
737,6117.901155327343,5675.0,898.4120667522465,779,a,a,100.0,5.0,2007.0,0
738,8508.600770218229,8268.0,701.7150192554557,779,d,c,5980.0,10.0,2005.0,0
739,9557.665594855305,9198.0,765.3038585209003,622,d,c,2770.0,6.0,2008.0,0
740,6978.176696542893,6993.0,509.15108834827146,781,d,a,6400.0,3.0,2014.0,0
741,7619.468112244898,7227.5,920.2308673469388,784,d,c,11900.0,,,0
742,8025.888318356868,7653.0,872.7766367137356,779,d,c,4380.0,,,0
743,3816.5897435897436,3668.0,418.3282051282051,780,a,a,6710.0,11.0,2003.0,0
744,7457.067768595041,7345.0,834.8115702479339,605,a,a,1370.0,12.0,2011.0,0
745,7499.078205128205,7260.5,709.6294871794872,780,a,a,17650.0,11.0,2013.0,0
746,6039.549295774648,5730.0,509.04993597951346,781,d,c,4330.0,2.0,2011.0,0
747,8027.1461538461535,7616.5,701.3474358974358,780,c,c,45740.0,8.0,2008.0,0
748,5737.6765083440305,5524.0,487.65725288831834,779,d,a,2380.0,3.0,2010.0,0
749,5189.860077021823,4979.0,636.4313222079589,779,a,a,3410.0,8.0,2011.0,0
750,4997.352090032155,4869.5,402.8022508038585,622,d,a,8670.0,2.0,2002.0,0
751,4216.215661103979,3952.0,573.7432605905007,779,a,a,650.0,10.0,2006.0,0
752,5251.659820282413,4790.0,459.3992297817715,779,a,a,970.0,3.0,2013.0,0
753,8710.279845956355,8344.0,764.3157894736842,779,d,c,540.0,11.0,2012.0,0
754,8086.957800511509,7666.0,965.5588235294117,782,c,c,380.0,5.0,2008.0,0
755,10483.216389244559,10121.0,895.4199743918053,781,d,c,13130.0,12.0,2003.0,0
756,16574.816431322208,16367.0,2346.5725288831836,779,a,c,50.0,,,0
757,6219.787644787645,5895.0,535.8558558558559,777,a,c,3450.0,,,0
758,4868.3669250646,4793.5,636.8152454780362,774,a,c,19780.0,6.0,2008.0,0
759,7010.137355584082,6574.0,774.4480102695763,779,a,a,110.0,11.0,2012.0,0
760,7638.3642213642215,7539.0,1227.2458172458173,777,a,a,560.0,1.0,2011.0,0
761,8729.478316326531,8416.5,994.9464285714286,784,a,a,2390.0,9.0,2012.0,0
762,3886.8899082568805,3691.0,389.6356487549148,763,d,c,1280.0,,,0
763,6125.251275510204,5910.5,586.2755102040817,784,d,c,32240.0,3.0,2010.0,0
764,3538.9882659713167,3602.0,396.2685788787484,767,a,c,26490.0,,,0
765,8506.867438867439,8274.0,710.7142857142857,777,a,c,25430.0,5.0,1999.0,0
766,6123.943729903537,5964.0,529.7025723472669,622,d,c,9820.0,,,0
767,6023.40306122449,5945.0,615.297193877551,784,a,c,13080.0,,,0
768,12991.838010204081,12366.0,1345.4426020408164,784,a,c,2630.0,9.0,2012.0,0
769,10825.902335456476,10732.0,3081.052016985138,942,b,b,840.0,,,0
770,6477.788189987163,6191.0,733.2605905006418,779,a,c,100.0,4.0,2015.0,0
771,6722.011254019292,6452.0,689.0225080385852,622,a,a,20640.0,9.0,2007.0,0
772,3582.199233716475,3457.0,488.1353767560664,783,d,c,1850.0,,,0
773,5716.108834827145,5624.0,791.8553137003842,781,a,a,200.0,,,0
774,5493.743622448979,5350.5,713.4158163265306,784,a,c,640.0,9.0,2013.0,0
775,8690.889067524116,8473.0,621.0948553054662,622,d,c,6970.0,12.0,2005.0,0
776,4804.806701030928,4571.0,534.5682989690722,776,c,a,700.0,4.0,2009.0,0
777,3991.3504492939664,3845.0,350.5109114249037,779,d,c,8250.0,10.0,2004.0,0
778,5901.257234726688,5509.5,800.491961414791,622,a,a,340.0,6.0,2003.0,0
779,7128.521794871795,6961.5,700.0833333333334,780,a,a,16990.0,4.0,2004.0,0
780,6547.1884615384615,6450.0,788.9948717948718,780,a,a,18160.0,,,0
781,4922.442307692308,4582.0,672.9589743589744,780,a,a,630.0,4.0,2007.0,0
782,5488.799743260591,5320.0,513.2130937098844,779,c,c,5390.0,8.0,2003.0,0
783,6860.185421994885,6600.5,678.6675191815857,782,d,c,15490.0,,,0
784,7751.309370988447,7326.0,825.1668806161746,779,a,a,560.0,10.0,2014.0,0
785,6511.518613607189,6139.0,561.3915275994865,779,d,c,970.0,7.0,2005.0,0
786,3563.674358974359,3618.5,553.0205128205129,780,a,a,290.0,11.0,2006.0,0
787,10227.147435897436,9920.5,1141.9679487179487,780,c,c,3210.0,6.0,2009.0,0
788,17961.914540816328,17494.0,1717.9017857142858,784,a,c,1530.0,3.0,2013.0,0
789,3380.011583011583,3342.0,469.2097812097812,777,a,c,9770.0,7.0,2003.0,0
790,7453.021766965429,7368.0,682.3597951344431,781,d,c,9070.0,12.0,2003.0,0
791,7668.776636713736,7046.0,810.3992297817715,779,a,a,5950.0,4.0,2007.0,0
792,7389.373555840822,6876.0,691.7265725288831,779,d,a,17280.0,10.0,2009.0,0
793,4832.121951219512,4430.0,457.8587933247754,779,d,a,2710.0,7.0,2006.0,0
794,3083.8128205128205,3032.5,521.8294871794872,780,c,c,5090.0,9.0,2006.0,0
795,4553.673940949936,4304.0,467.29910141206676,779,d,a,510.0,,,0
796,7244.772785622593,6954.0,667.7971758664955,779,a,c,7180.0,11.0,2012.0,0
797,4208.231511254019,4050.0,414.4951768488746,622,a,a,2090.0,10.0,2012.0,0
798,7468.274358974359,7366.0,900.5910256410257,780,a,a,9560.0,4.0,2001.0,0
799,9894.987163029526,9444.0,898.6315789473684,779,a,c,2700.0,,,0
800,5337.432605905006,5206.0,499.31450577663674,779,d,a,2020.0,7.0,2014.0,0
801,4845.2295918367345,4554.5,474.3813775510204,784,d,a,48330.0,4.0,2013.0,0
802,6841.0752551020405,6671.0,522.9910714285714,784,a,c,910.0,,,0
803,6047.678803641093,5634.0,492.0949284785436,769,d,a,1760.0,,,0
804,4922.186495176848,4829.0,440.39871382636653,622,c,c,2100.0,,,0
805,6084.228295819936,5813.0,572.4292604501608,622,d,a,24770.0,10.0,2011.0,0
806,6808.287781350482,6260.5,525.323151125402,622,d,a,260.0,,,0
807,9820.042253521127,9708.0,982.1152368758003,781,a,a,3870.0,4.0,2008.0,0
808,7291.133333333333,7200.5,601.3910256410256,780,a,a,18620.0,,,0
809,9393.61489088575,8503.0,802.2130937098844,779,a,a,12770.0,10.0,2000.0,0
810,5930.421052631579,5829.0,488.8408215661104,779,d,c,9640.0,11.0,2013.0,0
811,4132.038265306122,3955.5,682.7704081632653,784,a,a,410.0,9.0,2012.0,0
812,6366.778205128205,6296.5,776.4487179487179,780,d,a,2590.0,9.0,2012.0,0
813,5810.714285714285,5701.0,650.2406692406693,777,a,a,1560.0,9.0,2003.0,0
814,8476.763427109974,8146.5,695.2659846547315,782,d,c,24530.0,7.0,2013.0,0
815,8395.837620578779,8201.0,815.4372990353697,622,a,a,590.0,1.0,1900.0,0
816,5133.07702182285,4879.0,742.6264441591784,779,c,c,460.0,,,0
817,21757.48341836735,21872.0,3130.5739795918366,784,a,a,140.0,3.0,2006.0,0
818,6110.572343149808,5637.0,635.2637644046094,781,d,a,490.0,,,0
819,6091.100765306122,5912.5,539.954081632653,784,a,c,720.0,10.0,2014.0,0
820,12085.850482315112,11837.5,1089.5916398713825,622,a,c,1650.0,,,0
821,6937.491071428572,6639.5,851.1428571428571,784,a,a,1700.0,9.0,2009.0,0
822,7737.664540816327,7498.5,636.6849489795918,784,a,c,410.0,11.0,2010.0,0
823,5802.383928571428,5637.0,570.0012755102041,784,a,c,16210.0,11.0,2010.0,0
824,6834.3125,6479.5,862.8239795918367,784,a,a,17570.0,,,0
825,4562.921221864952,4478.5,537.0546623794212,622,a,a,380.0,5.0,2011.0,0
826,8839.186855670103,8507.5,771.0863402061856,776,a,c,7980.0,6.0,2005.0,0
827,12771.665389527458,12559.0,1663.441890166028,783,a,c,250.0,1.0,2005.0,0
828,5199.946153846154,5069.0,587.0653846153846,780,d,c,3290.0,12.0,2014.0,0
829,5920.669654289372,5745.0,790.9206145966709,781,c,a,110.0,,,0
830,6174.879487179487,6066.0,526.4589743589744,780,a,c,6320.0,,,0
831,12689.002567394095,11761.0,1576.961489088575,779,a,a,800.0,6.0,2007.0,0
832,6550.293213828425,6525.0,554.4417413572343,781,d,a,5070.0,,,0
833,5511.350449293966,5261.0,506.18228498074456,779,d,c,3290.0,12.0,1999.0,0
834,5868.5420918367345,5755.0,639.4362244897959,784,a,a,3470.0,3.0,2012.0,0
835,5174.633289986996,4798.0,657.553966189857,769,a,a,2890.0,12.0,2007.0,0
836,5906.002564102564,5891.5,711.4615384615385,780,a,a,2720.0,9.0,2012.0,0
837,3473.721704394141,3218.0,460.1531291611185,751,a,c,14600.0,4.0,2015.0,0
838,7987.2723785166245,7546.5,817.7314578005115,782,d,c,6890.0,,,0
839,5127.158163265306,4884.0,647.0625,784,c,a,240.0,1.0,2015.0,0
840,7319.0204081632655,7347.0,1055.8354591836735,784,a,a,1070.0,9.0,2009.0,0
841,2972.608974358974,2907.0,412.1730769230769,780,a,a,27650.0,8.0,2004.0,0
842,18574.79581993569,18330.0,1149.242765273312,622,d,c,1200.0,11.0,2007.0,0
843,9468.706632653062,9254.0,1116.2448979591836,784,c,a,60.0,4.0,2006.0,0
844,4178.712451861361,3976.0,454.2284980744544,779,a,a,2030.0,9.0,2012.0,0
845,4828.561855670103,4784.5,357.9072164948454,776,d,a,7860.0,11.0,2005.0,0
846,9224.637997432606,8727.0,864.620025673941,779,a,c,8860.0,4.0,2004.0,0
847,7111.761597938144,6870.5,1010.7538659793814,776,c,c,190.0,,,0
848,6630.602883355177,6168.0,753.1743119266055,763,a,c,370.0,7.0,2007.0,0
849,8155.218112244898,7941.5,889.1390306122449,784,c,c,5000.0,,,0
850,6193.765847347995,5871.0,652.2108667529108,773,d,a,1120.0,5.0,2007.0,0
851,5453.463022508038,5304.0,469.69614147909965,622,d,c,2330.0,,,0
852,4606.513444302177,4486.0,583.9308578745198,781,c,a,940.0,4.0,2004.0,0
853,9243.104247104247,8757.0,1020.2509652509652,777,a,a,14040.0,,,0
854,6577.1435897435895,6417.5,680.7346153846154,780,c,a,4770.0,,,0
855,5762.671814671815,5438.0,614.3603603603603,777,a,a,3440.0,,,0
856,7142.380102040816,6829.0,957.8864795918367,784,a,a,3020.0,2.0,2010.0,0
857,7446.322663252241,7285.0,922.9833546734956,781,c,a,6270.0,8.0,2005.0,0
858,4755.604501607717,4604.5,418.0996784565916,622,a,a,3370.0,12.0,2008.0,0
859,7503.749196141479,7317.0,726.2524115755627,622,c,a,21770.0,7.0,2015.0,0
860,5781.333759590792,5610.5,732.0485933503836,782,c,c,5980.0,2.0,2010.0,0
861,3500.3494764397906,3421.0,509.5523560209424,764,c,c,740.0,,,0
862,8565.13392857143,8314.5,1118.1454081632653,784,a,c,2840.0,3.0,2010.0,0
863,7707.847801578354,7872.0,918.7023675310033,887,a,c,21370.0,11.0,2010.0,0
864,4268.436293436293,4245.0,587.967824967825,777,a,a,1020.0,10.0,2012.0,0
865,7566.584082156611,7517.0,637.160462130937,779,d,c,2640.0,,,0
866,6873.391805377721,6744.0,486.00384122919337,781,d,a,9680.0,,,0
867,4329.221590909091,4325.0,410.0977272727273,880,d,c,21810.0,9.0,2012.0,0
868,9578.29961587708,9431.0,652.1075544174136,781,d,c,1360.0,8.0,2005.0,0
869,5973.307692307692,5526.0,870.0846153846154,780,c,a,230.0,10.0,2001.0,0
870,6929.204663212436,6872.0,868.5608808290156,772,a,a,780.0,4.0,2009.0,0
871,6260.498079385403,6014.0,479.62996158770807,781,d,c,10620.0,,,0
872,8536.406931964057,8238.0,821.7252888318357,779,a,c,3860.0,9.0,2014.0,0
873,3833.344871794872,3837.5,456.2564102564103,780,a,a,2040.0,11.0,2008.0,0
874,4583.692602040816,4430.5,509.76785714285717,784,a,a,3210.0,,,0
875,5061.662387676508,4885.0,470.23106546854945,779,d,a,5070.0,11.0,2007.0,0
876,9228.909921671018,9042.0,1016.9791122715404,766,a,a,21790.0,4.0,2005.0,0
877,6331.502481389578,6079.0,873.4937965260546,806,a,c,29190.0,,,0
878,8720.084615384616,8333.0,795.7294871794871,780,d,c,1100.0,12.0,2014.0,0
879,3762.983922829582,3585.5,347.3263665594855,622,d,a,,,,1
880,7507.059202059202,7220.0,790.2548262548263,777,a,c,4570.0,,,0
881,4203.016688061617,3857.0,620.405648267009,779,a,a,180.0,3.0,2008.0,0
882,6607.352405721716,6228.0,842.3420026007802,769,a,a,30.0,4.0,2013.0,0
883,4768.650834403081,4714.0,502.61745827984595,779,a,a,3200.0,6.0,2005.0,0
884,5536.90996784566,5179.5,530.0691318327974,622,d,c,7550.0,,,0
885,5458.6752577319585,5491.0,729.2448453608248,776,a,a,480.0,12.0,2005.0,0
886,6442.724005134788,6246.0,609.0012836970475,779,a,c,12430.0,10.0,2004.0,0
887,6887.370466321244,6481.0,577.1282383419689,772,d,a,19700.0,,,0
888,7998.741071428572,7752.0,743.4094387755102,784,d,a,4450.0,6.0,2012.0,0
889,4144.4371794871795,4098.0,452.95384615384614,780,d,a,18670.0,12.0,2005.0,0
890,5729.583601286174,5457.5,444.6768488745981,622,a,a,4450.0,,,0
891,7976.407216494846,7625.5,1097.4600515463917,776,a,c,350.0,,,0
892,7599.162820512821,7609.0,780.0474358974359,780,a,a,19370.0,4.0,2002.0,0
893,6396.59003215434,6143.5,827.8536977491962,622,a,a,130.0,,,0
894,8468.47989623865,7878.0,1034.7120622568093,771,a,a,190.0,11.0,2012.0,0
895,9329.359073359074,9044.0,881.7207207207207,777,a,c,4150.0,,,0
896,6937.665816326531,6662.5,1087.7448979591836,784,a,c,170.0,9.0,2012.0,0
897,3492.9447300771208,3267.5,345.61053984575835,778,c,c,3290.0,1.0,2007.0,0
898,6615.434782608696,6585.5,710.9194373401534,782,a,a,18540.0,,,0
899,5268.315384615385,5115.0,562.5115384615384,780,d,a,2590.0,,,0
900,5844.512861736334,5633.0,549.0257234726688,622,a,a,3920.0,4.0,2005.0,0
901,7231.0420918367345,6945.5,638.7066326530612,784,a,c,3170.0,4.0,2014.0,0
902,4886.471061093248,4791.5,628.9405144694534,622,a,a,310.0,5.0,2015.0,0
903,11737.745980707396,11528.0,817.7765273311898,622,d,c,7290.0,9.0,2014.0,0
904,6016.757234726688,5936.5,513.9887459807074,622,d,c,570.0,7.0,2013.0,0
905,8530.25160462131,8170.0,1267.4505776636713,779,a,a,90.0,6.0,2014.0,0
906,10929.289372599233,10407.0,1270.8450704225352,781,a,a,90.0,7.0,2010.0,0
907,6270.749679075738,6095.0,829.3286264441592,779,a,c,250.0,,,0
908,4234.8271446863,3920.0,363.07426376440463,781,a,a,1980.0,7.0,2010.0,0
909,10728.983525535421,9903.0,1020.0939044481055,607,a,c,1680.0,,,0
910,5708.80641025641,5417.5,573.5705128205128,780,d,c,12480.0,,,0
911,9884.908163265307,9494.0,909.420918367347,784,a,c,16490.0,,,0
912,5765.9795918367345,5605.5,758.6454081632653,784,c,c,3100.0,5.0,2010.0,0
913,8892.161082474227,8506.5,1162.458762886598,776,a,a,280.0,,,0
914,9506.707908163266,9263.5,1133.4285714285713,784,c,c,2640.0,4.0,2011.0,0
915,6338.1077170418,6128.0,513.6816720257235,622,d,c,650.0,3.0,2013.0,0
916,5382.226804123711,5260.0,704.5567010309278,776,a,a,90.0,11.0,2012.0,0
917,6702.944801026958,6504.0,741.2862644415918,779,a,a,7240.0,2.0,2010.0,0
918,5187.271794871795,5159.5,552.9435897435898,780,a,c,18710.0,4.0,2015.0,0
919,5536.381642512078,5344.0,676.6489533011272,621,a,a,2620.0,,,0
920,5764.196141479099,5631.0,581.6848874598071,622,a,a,850.0,2.0,2012.0,0
921,9473.894871794872,9691.5,1094.5935897435897,780,a,a,840.0,9.0,2006.0,0
922,7405.846451612903,7327.0,713.4245161290322,775,d,a,2110.0,3.0,2006.0,0
923,5315.344387755102,5227.5,640.0956632653061,784,a,a,280.0,9.0,2008.0,0
924,4752.883183568678,4527.0,450.14505776636713,779,a,a,6420.0,4.0,2011.0,0
925,6693.711313394018,6539.0,1198.8751625487646,769,c,a,470.0,3.0,2007.0,0
926,7260.587933247753,7040.0,542.630295250321,779,d,c,5150.0,3.0,2011.0,0
927,6553.611398963731,6041.0,871.4067357512953,772,a,a,480.0,,,0
928,8014.682926829269,7592.0,692.612323491656,779,d,c,1090.0,,,0
929,5815.345663265306,5624.5,711.1581632653061,784,a,c,4820.0,9.0,2013.0,0
930,7150.1578947368425,6987.0,1170.7008985879334,779,a,a,70.0,,,0
931,3588.8388571428573,3552.0,441.7017142857143,875,a,c,1480.0,9.0,2011.0,0
932,7395.208667736758,7199.0,731.0674157303371,623,a,a,15700.0,,,0
933,7331.4794871794875,7261.5,905.2923076923076,780,a,c,6270.0,2.0,2005.0,0
934,6763.620025673941,6483.0,679.6110397946085,779,a,c,5460.0,,,0
935,5650.705357142857,5608.0,600.4260204081633,784,a,c,22350.0,6.0,2010.0,0
936,7056.284980744545,6842.0,891.3863928112966,779,a,a,580.0,2.0,2008.0,0
937,7232.900128040973,7050.0,585.4865556978233,781,d,a,2810.0,,,0
938,9408.114795918367,8957.5,963.7079081632653,784,a,a,2820.0,9.0,2009.0,0
939,5977.849807445443,5852.0,576.5096277278562,779,d,a,1340.0,,,0
940,7252.592307692307,6857.5,743.0179487179487,780,d,c,6470.0,9.0,2012.0,0
941,5030.638263665594,4645.5,554.0948553054662,622,a,a,1200.0,12.0,2011.0,0
942,6058.364916773367,5922.0,470.41741357234315,781,d,c,6860.0,,,0
943,6969.183568677792,6743.0,605.8241335044929,779,d,c,18020.0,,,0
944,7930.507653061224,7550.5,1229.5242346938776,784,c,a,1670.0,7.0,2015.0,0
945,4374.955357142857,4273.0,530.8864795918367,784,a,c,12480.0,3.0,2011.0,0
946,4203.427471116816,4026.0,532.6367137355584,779,a,a,2220.0,12.0,2011.0,0
947,8392.398184176394,8343.0,1140.2970168612192,771,a,a,460.0,3.0,2014.0,0
948,6936.760775862069,6689.0,1712.427801724138,928,b,b,1430.0,,,0
949,5350.006377551021,4980.5,496.9119897959184,784,a,a,870.0,3.0,2006.0,0
950,5742.317419354838,5436.0,562.3135483870968,775,a,a,8460.0,11.0,1994.0,0
951,7776.97946084724,7572.0,718.8331193838254,779,d,c,710.0,,,0
952,6568.048231511254,6470.5,530.2202572347267,622,d,c,6300.0,10.0,2013.0,0
953,5323.455242966752,5244.0,542.5946291560102,782,a,a,19830.0,4.0,2006.0,0
954,6966.048780487805,6557.0,905.397946084724,779,a,a,390.0,2.0,2013.0,0
955,4719.5494223363285,4526.0,456.7021822849807,779,d,c,1690.0,7.0,2009.0,0
956,3855.9123711340208,3638.5,496.2860824742268,776,a,a,2330.0,10.0,2014.0,0
957,7898.885204081633,7459.0,850.6683673469388,784,d,c,1420.0,11.0,2012.0,0
958,4244.432397959184,4172.5,562.7321428571429,784,a,a,440.0,11.0,2013.0,0
959,7051.434948979592,6987.0,744.5956632653061,784,a,c,1060.0,12.0,2005.0,0
960,6723.600512163893,6406.0,553.0614596670935,781,d,a,8990.0,,,0
961,6521.935815147625,6224.0,688.8356867779204,779,d,c,9430.0,,,0
962,6690.6148825065275,6114.0,908.748041775457,766,c,a,260.0,,,0
963,10764.320924261874,10216.0,1016.2130937098844,779,a,c,23620.0,11.0,2013.0,0
964,9759.972797927461,9463.0,1395.30310880829,772,a,a,270.0,,,0
965,8484.763124199744,7824.0,905.4852752880922,781,a,c,110.0,,,0
966,4818.078305519897,4712.0,610.2567394094993,779,a,a,760.0,2.0,2008.0,0
967,8641.172015404365,8373.0,923.3247753530167,779,a,c,3560.0,9.0,2013.0,0
968,7191.976923076923,7167.0,875.9666666666667,780,c,a,1190.0,,,0
969,3503.4662251655627,3393.0,599.1337748344371,755,a,c,600.0,11.0,1999.0,0
970,3295.742637644046,3330.0,400.16901408450707,781,a,a,910.0,12.0,2014.0,0
971,8270.106080206986,7970.0,985.3285899094437,773,c,a,1140.0,5.0,2011.0,0
972,3422.545584045584,3295.5,387.8034188034188,702,a,a,14960.0,,,0
973,6440.985879332477,6046.0,789.8729139922979,779,d,c,330.0,,,0
974,11540.95498392283,11199.5,1561.4212218649518,622,a,a,150.0,3.0,2011.0,0
975,7715.736842105263,7417.0,743.8331193838254,779,a,c,9630.0,,,0
976,6974.965340179718,6609.0,717.7394094993582,779,a,a,4180.0,,,0
977,4774.142857142857,4079.0,510.58105939004815,623,a,a,520.0,9.0,2005.0,0
978,7213.574358974359,6852.5,971.5769230769231,780,c,c,3890.0,,,0
979,6264.460358056266,5921.5,636.3823529411765,782,a,c,2270.0,11.0,2005.0,0
980,7019.6161745827985,6517.0,554.7676508344031,779,a,a,4420.0,9.0,2005.0,0
981,7308.912820512821,6976.0,754.225641025641,780,d,c,2620.0,11.0,2002.0,0
982,8058.279487179487,7540.5,691.6628205128205,780,d,a,21930.0,,,0
983,10259.789405684754,9860.0,1379.9302325581396,774,a,a,40.0,3.0,2014.0,0
984,6067.219072164949,5908.0,740.3492268041238,776,c,a,440.0,,,0
985,8387.258687258687,8111.0,774.7541827541828,777,c,c,490.0,5.0,2007.0,0
986,6220.2525906735755,5732.0,828.0867875647668,772,a,a,620.0,10.0,2014.0,0
987,6847.355867346939,6690.5,867.4655612244898,784,c,a,1690.0,6.0,2007.0,0
988,4698.071428571428,4548.0,722.5076530612245,784,a,a,30.0,11.0,2012.0,0
989,5242.463022508038,5114.5,573.5450160771704,622,a,a,1640.0,6.0,2006.0,0
990,6409.134615384615,6202.5,573.4807692307693,780,d,a,20930.0,,,0
991,5756.765083440308,5704.0,536.7509627727857,779,a,a,1010.0,,,0
992,5715.991014120667,5589.0,701.1424903722722,779,a,a,2480.0,7.0,1990.0,0
993,7618.029487179487,7292.0,752.8294871794872,780,d,c,3460.0,10.0,2013.0,0
994,4539.516046213093,4218.0,442.01155327342747,779,a,a,2290.0,7.0,2011.0,0
995,9264.346153846154,8892.5,788.1205128205128,780,d,a,6560.0,12.0,2013.0,0
996,6510.0469361147325,6101.0,696.7144719687093,767,c,a,2870.0,7.0,2015.0,0
997,5157.918053777209,4870.0,412.3226632522407,781,d,c,5840.0,7.0,2010.0,0
998,4316.940797940798,4123.0,534.2767052767052,777,a,a,780.0,9.0,2005.0,0
999,9183.744871794872,8818.0,660.401282051282,780,d,c,15140.0,2.0,2002.0,0
1000,7452.612540192926,7275.0,681.1495176848874,622,a,c,2230.0,5.0,2009.0,0
1001,5420.721227621483,5101.0,621.002557544757,782,c,a,19640.0,,,0
1002,6063.507653061224,5872.5,717.3686224489796,784,d,c,1130.0,11.0,2008.0,0
1003,7382.803594351733,6811.0,773.1065468549423,779,a,a,170.0,7.0,2013.0,0
1004,5165.445337620578,5017.5,451.9003215434084,622,d,c,970.0,,,0
1005,6205.9807445442875,5888.0,936.6919127086007,779,a,a,6480.0,,,0
1006,6371.961538461538,6090.5,866.2525641025641,780,c,c,3890.0,11.0,2006.0,0
1007,6996.2040816326535,6933.5,816.1454081632653,784,c,c,4180.0,9.0,2012.0,0
1008,5331.103316326531,5028.0,716.6517857142857,784,a,c,30.0,9.0,2010.0,0
1009,4772.184887459807,4663.0,458.1495176848875,622,a,a,230.0,7.0,2004.0,0
1010,8874.156887755102,8732.5,807.4706632653061,784,d,c,4610.0,6.0,2010.0,0
1011,7878.237483953787,7548.0,943.3273427471116,779,a,c,490.0,9.0,2012.0,0
1012,6049.710610932476,5984.5,517.0128617363345,622,d,c,6330.0,6.0,2004.0,0
1013,3993.560975609756,3827.0,443.1412066752246,779,a,a,630.0,2.0,2015.0,0
1014,12206.806161745828,12082.0,1349.6469833119384,779,a,c,210.0,,,0
1015,6040.029525032092,5744.0,492.4749679075738,779,d,c,9910.0,12.0,2010.0,0
1016,5409.414634146341,4956.0,500.19255455712454,779,c,c,550.0,,,0
1017,7203.429128738621,6988.0,1015.7542262678803,769,c,a,110.0,11.0,2008.0,0
1018,11748.342710997442,11256.5,1359.4782608695652,782,c,c,140.0,9.0,2012.0,0
1019,9071.00481540931,8673.0,753.5682182985554,623,d,c,2740.0,7.0,2014.0,0
1020,9032.451984635083,8982.0,1109.910371318822,781,a,a,40.0,8.0,2015.0,0
1021,8877.748051948052,8801.0,1062.009090909091,770,a,a,1080.0,5.0,2011.0,0
1022,7325.00513478819,6805.0,823.0231065468549,779,a,c,1520.0,,,0
1023,6152.617948717949,5839.5,630.1679487179487,780,c,a,3740.0,2.0,2002.0,0
1024,6135.470663265306,6092.0,785.4336734693877,784,c,c,1990.0,1.0,2012.0,0
1025,7425.501288659794,7231.0,866.6997422680413,776,a,a,720.0,11.0,2009.0,0
1026,9495.616174582798,8964.0,1180.2888318356868,779,c,a,450.0,6.0,2011.0,0
1027,13104.088282504013,12170.0,1657.9325842696628,623,a,c,190.0,6.0,2008.0,0
1028,4732.635430038511,4269.0,546.5802310654685,779,a,a,150.0,,,0
1029,5416.497435897436,5617.0,757.7217948717948,780,a,a,1590.0,3.0,2006.0,0
1030,3610.6705128205126,3525.5,331.9179487179487,780,a,a,36410.0,4.0,2008.0,0
1031,4843.85622593068,4457.0,417.96919127086005,779,d,a,590.0,5.0,2001.0,0
1032,9195.198717948719,8929.5,964.276923076923,780,d,c,270.0,2.0,2013.0,0
1033,13865.140306122448,13585.0,1299.2308673469388,784,a,a,7680.0,3.0,2006.0,0
1034,6503.775641025641,6278.0,728.3974358974359,780,a,a,13750.0,4.0,2015.0,0
1035,4876.658974358975,4728.5,577.4653846153847,780,a,a,27150.0,,,0
1036,4986.202824133505,4890.0,471.594351732991,779,d,c,9560.0,,,0
1037,6906.44358974359,6558.5,873.9474358974359,780,a,c,150.0,,,0
1038,5897.262057877813,5732.0,513.4372990353697,622,d,a,17290.0,10.0,2013.0,0
1039,8181.42542153048,7875.0,1037.385214007782,771,a,c,70.0,6.0,1990.0,0
1040,8697.509627727855,8136.0,866.1540436456996,779,a,a,4030.0,2.0,2013.0,0
1041,6111.715434083601,6129.0,655.9726688102894,622,c,a,1600.0,8.0,2013.0,0
1042,4131.250320924262,3941.0,546.8575096277278,779,a,a,3440.0,,,0
1043,8792.828205128206,8569.5,1206.9807692307693,780,c,a,420.0,3.0,2006.0,0
1044,6622.019305019305,6497.0,894.7554697554698,777,c,a,240.0,4.0,2015.0,0
1045,7535.886749716874,7532.0,915.246885617214,883,a,c,26990.0,12.0,2013.0,0
1046,8698.353846153846,8225.0,684.0641025641025,780,d,c,29070.0,4.0,2005.0,0
1047,4885.469072164949,4638.0,525.6469072164948,776,a,a,3750.0,,,0
1048,6887.168582375479,6559.0,531.5823754789272,783,d,c,1860.0,9.0,2012.0,0
1049,3985.379421221865,3776.0,636.2572347266881,622,a,a,370.0,7.0,2012.0,0
1050,7389.514724711908,7103.0,517.7234314980794,781,d,c,13170.0,8.0,2014.0,0
1051,7490.758485639687,7206.0,1006.3446475195823,766,c,a,200.0,7.0,1998.0,0
1052,7269.395378690629,6921.0,756.0770218228498,779,a,c,5080.0,,,0
1053,8932.307397959185,8289.5,1009.7729591836735,784,a,a,1710.0,7.0,2015.0,0
1054,6034.232142857143,5803.0,616.9757653061224,784,a,c,13190.0,,,0
1055,7914.593869731801,7710.0,990.4061302681993,783,c,a,1980.0,4.0,2009.0,0
1056,3877.298555377207,3688.0,369.8362760834671,623,d,c,5350.0,,,0
1057,6423.996173469388,6340.0,640.4119897959183,784,d,c,3230.0,11.0,2011.0,0
1058,7263.338896020539,7015.0,700.9101412066752,779,a,c,180.0,,,0
1059,8424.552295918367,8216.5,1153.751275510204,784,c,a,3380.0,4.0,2013.0,0
1060,7327.31322207959,6980.0,848.1065468549423,779,a,c,3430.0,,,0
1061,7378.339768339768,7156.0,554.7310167310168,777,d,c,8110.0,,,0
1062,6405.9807445442875,6081.0,592.428754813864,779,d,a,190.0,9.0,2012.0,0
1063,4271.286989795918,4015.0,530.9451530612245,784,a,c,6250.0,,,0
1064,9455.578947368422,8970.0,1067.8587933247754,779,a,c,420.0,,,0
1065,4198.162379421222,4131.0,485.2636655948553,622,a,a,1290.0,,,0
1066,11073.919127086008,10732.0,1125.9268292682927,779,a,a,3350.0,,,0
1067,5756.186495176848,5558.0,490.37299035369773,622,d,c,12020.0,7.0,2009.0,0
1068,4441.53667953668,4287.0,309.5444015444015,777,d,c,5010.0,,,0
1069,6305.269820971867,5949.5,794.7020460358057,782,a,c,18050.0,,,0
1070,7034.711734693878,6836.0,867.952806122449,784,c,c,400.0,10.0,2008.0,0
1071,6027.225765306122,5893.5,728.6198979591836,784,a,a,820.0,3.0,2012.0,0
1072,6821.911424903723,6705.0,642.0731707317074,779,a,c,5380.0,8.0,2015.0,0
1073,7276.792041078305,6920.0,918.2631578947369,779,a,c,1710.0,,,0
1074,5146.24358974359,4892.0,555.6076923076923,780,c,c,3330.0,10.0,2001.0,0
1075,11485.389030612245,11312.0,1092.7602040816328,784,a,c,1410.0,10.0,2013.0,0
1076,3620.02567394095,3432.0,545.4492939666238,779,a,c,90.0,,,0
1077,4489.767650834403,4317.0,495.93966623876764,779,a,a,3750.0,11.0,2001.0,0
1078,6808.079794079794,6115.0,523.6293436293437,777,d,c,670.0,,,0
1079,8685.312419974392,7989.0,689.3265044814341,781,a,a,16680.0,,,0
1080,10190.765273311898,9980.5,841.5305466237942,622,a,a,2410.0,,,0
1081,5924.919418758256,5904.0,937.1783355350066,757,b,a,400.0,3.0,2006.0,0
1082,7044.78717948718,6592.0,1034.696153846154,780,c,a,440.0,4.0,2002.0,0
1083,5146.368758002561,5025.0,360.65044814340587,781,d,c,11540.0,,,0
1084,6271.369565217391,6015.0,807.9590792838875,782,a,a,190.0,,,0
1085,7567.2334183673465,7327.0,760.3201530612245,784,c,a,4030.0,2.0,2015.0,0
1086,7677.409731113957,7152.0,839.134443021767,781,a,a,180.0,11.0,2013.0,0
1087,6282.202806122449,6077.5,615.4808673469388,784,d,c,2210.0,11.0,2011.0,0
1088,5084.703465982028,4874.0,485.14762516046216,779,a,a,4300.0,3.0,2009.0,0
1089,10160.761232349165,9914.0,1002.5750962772786,779,d,a,5220.0,5.0,2009.0,0
1090,6453.071794871795,6333.5,785.6602564102565,780,a,a,330.0,,,0
1091,8276.345663265307,7830.0,697.1913265306123,784,a,c,9990.0,,,0
1092,11960.538585209004,11726.5,1165.022508038585,622,a,a,300.0,7.0,2000.0,0
1093,8338.826923076924,8112.5,869.45,780,c,c,10450.0,6.0,2009.0,0
1094,4574.715434083601,4452.0,373.84244372990355,622,d,a,2380.0,3.0,2013.0,0
1095,4781.415601023018,4632.5,677.8324808184143,782,a,a,690.0,6.0,2007.0,0
1096,5456.523748395379,5052.0,633.0629011553274,779,a,c,1130.0,,,0
1097,9744.599787685775,9603.0,2420.9214437367305,942,b,b,720.0,3.0,2002.0,0
1098,5259.497435897436,5211.0,709.0769230769231,780,a,a,1830.0,11.0,2004.0,0
1099,7743.111982082867,7552.0,979.94960806271,893,a,c,200.0,4.0,2013.0,0
1100,5405.1543450064855,4893.0,667.3190661478599,771,a,a,540.0,,,0
1101,9972.266581632653,9423.0,988.4502551020408,784,d,c,4060.0,9.0,2012.0,0
1102,6999.988745980708,6823.5,706.4774919614148,622,a,a,850.0,11.0,2012.0,0
1103,5019.544174135724,4782.0,385.66453265044817,781,d,c,1340.0,10.0,2006.0,0
1104,5461.434083601286,5452.0,431.2138263665595,622,d,a,260.0,2.0,2012.0,0
1105,4564.572528883184,4155.0,510.0359435173299,779,c,c,330.0,11.0,2008.0,0
1106,4894.095663265306,4825.0,557.6135204081633,784,a,c,5330.0,9.0,2011.0,0
1107,6231.720706260032,5719.0,668.5313001605136,623,a,a,1400.0,6.0,2012.0,0
1108,5746.921794871795,5401.0,590.2666666666667,780,a,a,540.0,4.0,2004.0,0
1109,4927.204180064308,4568.5,452.3376205787781,622,c,a,3490.0,4.0,2011.0,0
1110,4531.910600255428,4222.0,540.176245210728,783,c,c,900.0,9.0,2010.0,0
1111,5251.702182284981,5028.0,451.7111681643132,779,a,a,1900.0,6.0,2014.0,0
1112,10236.577663671373,9410.0,838.6084724005135,779,c,c,1880.0,4.0,2006.0,0
1113,6627.859693877551,6354.5,717.0293367346939,784,a,c,9260.0,,,0
1114,20666.5625,20412.5,3200.9464285714284,784,a,c,870.0,,,0
1115,6302.469910371319,6126.0,432.62996158770807,781,d,c,5350.0,,,0
