Store,first_date,last_date,records,unique_dates,total_sales,open_days,history_days,coverage_pct
1,2013-01-01,2015-07-31,942,942,3716854,781,942,100.0
2,2013-01-01,2015-07-31,942,942,3883858,784,942,100.0
3,2013-01-01,2015-07-31,942,942,5408261,779,942,100.0
4,2013-01-01,2015-07-31,942,942,7556507,784,942,100.0
5,2013-01-01,2015-07-31,942,942,3642818,779,942,100.0
6,2013-01-01,2015-07-31,942,942,4297758,780,942,100.0
7,2013-01-01,2015-07-31,942,942,6930202,786,942,100.0
8,2013-01-01,2015-07-31,942,942,4342857,784,942,100.0
9,2013-01-01,2015-07-31,942,942,5112061,779,942,100.0
10,2013-01-01,2015-07-31,942,942,4365642,784,942,100.0
11,2013-01-01,2015-07-31,942,942,6296286,784,942,100.0
12,2013-01-01,2015-07-31,942,942,5950245,784,942,100.0
13,2013-01-01,2015-07-31,758,758,3126578,621,942,80.46709129511677
14,2013-01-01,2015-07-31,942,942,4291174,779,942,100.0
15,2013-01-01,2015-07-31,942,942,5231510,784,942,100.0
16,2013-01-01,2015-07-31,942,942,5967891,777,942,100.0
17,2013-01-01,2015-07-31,942,942,4954488,782,942,100.0
18,2013-01-01,2015-07-31,942,942,5130137,782,942,100.0
19,2013-01-01,2015-07-31,942,942,5036169,779,942,100.0
20,2013-01-01,2015-07-31,758,758,4801543,619,942,80.46709129511677
21,2013-01-01,2015-07-31,942,942,4259763,777,942,100.0
22,2013-01-01,2015-07-31,758,758,2801506,619,942,80.46709129511677
23,2013-01-01,2015-07-31,942,942,4300299,779,942,100.0
24,2013-01-01,2015-07-31,942,942,7313475,779,942,100.0
25,2013-01-01,2015-07-31,942,942,8376557,752,942,100.0
26,2013-01-01,2015-07-31,942,942,5217266,782,942,100.0
27,2013-01-01,2015-07-31,942,942,7383809,779,942,100.0
28,2013-01-01,2015-07-31,942,942,4080950,771,942,100.0
29,2013-01-01,2015-07-31,942,942,5737160,779,942,100.0
30,2013-01-01,2015-07-31,942,942,4114046,777,942,100.0
31,2013-01-01,2015-07-31,942,942,4596143,784,942,100.0
32,2013-01-01,2015-07-31,758,758,2526117,621,942,80.46709129511677
33,2013-01-01,2015-07-31,942,942,6572158,779,942,100.0
34,2013-01-01,2015-07-31,942,942,6296685,784,942,100.0
35,2013-01-01,2015-07-31,942,942,7558693,779,942,100.0
36,2013-01-01,2015-07-31,758,758,5824183,622,942,80.46709129511677
37,2013-01-01,2015-07-31,942,942,5549053,780,942,100.0
38,2013-01-01,2015-07-31,942,942,4677617,779,942,100.0
39,2013-01-01,2015-07-31,942,942,3780153,779,942,100.0
40,2013-01-01,2015-07-31,942,942,3804215,776,942,100.0
41,2013-01-01,2015-07-31,758,758,3318407,622,942,80.46709129511677
42,2013-01-01,2015-07-31,942,942,7928768,779,942,100.0
43,2013-01-01,2015-07-31,942,942,5315050,779,942,100.0
44,2013-01-01,2015-07-31,942,942,4295144,784,942,100.0
45,2013-01-01,2015-07-31,942,942,4166458,779,942,100.0
46,2013-01-01,2015-07-31,758,758,3329125,622,942,80.46709129511677
47,2013-01-01,2015-07-31,942,942,5601760,784,942,100.0
48,2013-01-01,2015-07-31,942,942,3085014,784,942,100.0
49,2013-01-01,2015-07-31,942,942,5675296,777,942,100.0
50,2013-01-01,2015-07-31,942,942,3315479,779,942,100.0
51,2013-01-01,2015-07-31,758,758,4152028,622,942,80.46709129511677
52,2013-01-01,2015-07-31,758,758,4607742,622,942,80.46709129511677
53,2013-01-01,2015-07-31,942,942,4127609,784,942,100.0
54,2013-01-01,2015-07-31,942,942,6207418,785,942,100.0
55,2013-01-01,2015-07-31,942,942,3587212,780,942,100.0
56,2013-01-01,2015-07-31,942,942,5718290,781,942,100.0
57,2013-01-01,2015-07-31,942,942,8155633,770,942,100.0
58,2013-01-01,2015-07-31,758,758,3947427,623,942,80.46709129511677
59,2013-01-01,2015-07-31,942,942,4302026,782,942,100.0
60,2013-01-01,2015-07-31,942,942,6265808,780,942,100.0
61,2013-01-01,2015-07-31,942,942,3668998,777,942,100.0
62,2013-01-01,2015-07-31,942,942,5066512,779,942,100.0
63,2013-01-01,2015-07-31,942,942,5453808,784,942,100.0
64,2013-01-01,2015-07-31,942,942,8070070,779,942,100.0
65,2013-01-01,2015-07-31,942,942,3988058,780,942,100.0
66,2013-01-01,2015-07-31,942,942,4750858,777,942,100.0
67,2013-01-01,2015-07-31,942,942,6083079,777,942,100.0
68,2013-01-01,2015-07-31,942,942,5929590,784,942,100.0
69,2013-01-01,2015-07-31,942,942,7362059,781,942,100.0
70,2013-01-01,2015-07-31,942,942,5167478,782,942,100.0
71,2013-01-01,2015-07-31,942,942,7058595,779,942,100.0
72,2013-01-01,2015-07-31,758,758,2753676,623,942,80.46709129511677
73,2013-01-01,2015-07-31,942,942,3588351,784,942,100.0
74,2013-01-01,2015-07-31,942,942,4855145,776,942,100.0
75,2013-01-01,2015-07-31,942,942,4722388,784,942,100.0
76,2013-01-01,2015-07-31,758,758,5606718,623,942,80.46709129511677
77,2013-01-01,2015-07-31,942,942,5952383,781,942,100.0
78,2013-01-01,2015-07-31,942,942,2899629,780,942,100.0
79,2013-01-01,2015-07-31,942,942,4253485,777,942,100.0
80,2013-01-01,2015-07-31,942,942,5933077,779,942,100.0
81,2013-01-01,2015-07-31,758,758,4345098,622,942,80.46709129511677
82,2013-01-01,2015-07-31,942,942,7026310,779,942,100.0
83,2013-01-01,2015-07-31,942,942,3028523,779,942,100.0
84,2013-01-01,2015-07-31,942,942,10092722,779,942,100.0
85,2013-01-01,2015-07-31,942,942,6850652,942,942,100.0
86,2013-01-01,2015-07-31,942,942,3652727,778,942,100.0
87,2013-01-01,2015-07-31,942,942,4598287,784,942,100.0
88,2013-01-01,2015-07-31,942,942,4699058,780,942,100.0
89,2013-01-01,2015-07-31,758,758,3714173,622,942,80.46709129511677
90,2013-01-01,2015-07-31,942,942,6548246,778,942,100.0
91,2013-01-01,2015-07-31,942,942,4324904,778,942,100.0
92,2013-01-01,2015-07-31,942,942,4671417,779,942,100.0
93,2013-01-01,2015-07-31,942,942,4646872,779,942,100.0
94,2013-01-01,2015-07-31,942,942,5547371,779,942,100.0
95,2013-01-01,2015-07-31,942,942,5958064,780,942,100.0
96,2013-01-01,2015-07-31,942,942,4037973,780,942,100.0
97,2013-01-01,2015-07-31,942,942,5228649,780,942,100.0
98,2013-01-01,2015-07-31,942,942,3980584,779,942,100.0
99,2013-01-01,2015-07-31,758,758,3191184,622,942,80.46709129511677
100,2013-01-01,2015-07-31,758,758,4826434,606,942,80.46709129511677
101,2013-01-01,2015-07-31,942,942,5856384,784,942,100.0
102,2013-01-01,2015-07-31,942,942,5444156,771,942,100.0
103,2013-01-01,2015-07-31,942,942,2959073,631,942,100.0
104,2013-01-01,2015-07-31,942,942,7939205,784,942,100.0
105,2013-01-01,2015-07-31,942,942,3348791,754,942,100.0
106,2013-01-01,2015-07-31,942,942,6718335,775,942,100.0
107,2013-01-01,2015-07-31,942,942,5751886,784,942,100.0
108,2013-01-01,2015-07-31,758,758,6863994,622,942,80.46709129511677
109,2013-01-01,2015-07-31,942,942,5068030,784,942,100.0
110,2013-01-01,2015-07-31,942,942,3554993,784,942,100.0
111,2013-01-01,2015-07-31,942,942,5288733,781,942,100.0
112,2013-01-01,2015-07-31,942,942,4883888,784,942,100.0
113,2013-01-01,2015-07-31,758,758,4477826,622,942,80.46709129511677
114,2013-01-01,2015-07-31,942,942,4191703,784,942,100.0
115,2013-01-01,2015-07-31,758,758,4585191,622,942,80.46709129511677
116,2013-01-01,2015-07-31,942,942,5711629,783,942,100.0
117,2013-01-01,2015-07-31,942,942,3024044,779,942,100.0
118,2013-01-01,2015-07-31,942,942,6085216,782,942,100.0
119,2013-01-01,2015-07-31,942,942,4707987,784,942,100.0
120,2013-01-01,2015-07-31,942,942,5552990,781,942,100.0
121,2013-01-01,2015-07-31,942,942,3473474,780,942,100.0
122,2013-01-01,2015-07-31,942,942,5718883,885,942,100.0
123,2013-01-01,2015-07-31,942,942,6450589,768,942,100.0
124,2013-01-01,2015-07-31,942,942,3446410,779,942,100.0
125,2013-01-01,2015-07-31,942,942,9280089,784,942,100.0
126,2013-01-01,2015-07-31,942,942,5069540,779,942,100.0
127,2013-01-01,2015-07-31,758,758,3263370,623,942,80.46709129511677
128,2013-01-01,2015-07-31,942,942,5822099,781,942,100.0
129,2013-01-01,2015-07-31,758,758,5727451,622,942,80.46709129511677
130,2013-01-01,2015-07-31,942,942,3999550,781,942,100.0
131,2013-01-01,2015-07-31,942,942,4109540,779,942,100.0
132,2013-01-01,2015-07-31,758,758,3908185,622,942,80.46709129511677
133,2013-01-01,2015-07-31,942,942,5057788,782,942,100.0
134,2013-01-01,2015-07-31,942,942,3705099,784,942,100.0
135,2013-01-01,2015-07-31,942,942,4648837,781,942,100.0
136,2013-01-01,2015-07-31,758,758,3414045,622,942,80.46709129511677
137,2013-01-01,2015-07-31,758,758,5147039,622,942,80.46709129511677
138,2013-01-01,2015-07-31,942,942,5721236,780,942,100.0
139,2013-01-01,2015-07-31,758,758,4020701,622,942,80.46709129511677
140,2013-01-01,2015-07-31,942,942,5833328,781,942,100.0
141,2013-01-01,2015-07-31,942,942,4305156,777,942,100.0
142,2013-01-01,2015-07-31,942,942,3586489,779,942,100.0
143,2013-01-01,2015-07-31,942,942,4919195,779,942,100.0
144,2013-01-01,2015-07-31,758,758,4823879,625,942,80.46709129511677
145,2013-01-01,2015-07-31,758,758,5072096,608,942,80.46709129511677
146,2013-01-01,2015-07-31,942,942,6086195,779,942,100.0
147,2013-01-01,2015-07-31,942,942,6397583,779,942,100.0
148,2013-01-01,2015-07-31,942,942,6772949,784,942,100.0
149,2013-01-01,2015-07-31,758,758,3462975,622,942,80.46709129511677
150,2013-01-01,2015-07-31,942,942,6599117,784,942,100.0
151,2013-01-01,2015-07-31,942,942,5269496,780,942,100.0
152,2013-01-01,2015-07-31,942,942,4317171,779,942,100.0
153,2013-01-01,2015-07-31,942,942,5505047,779,942,100.0
154,2013-01-01,2015-07-31,942,942,6824045,781,942,100.0
155,2013-01-01,2015-07-31,758,758,4290509,623,942,80.46709129511677
156,2013-01-01,2015-07-31,942,942,5443980,782,942,100.0
157,2013-01-01,2015-07-31,942,942,7574054,779,942,100.0
158,2013-01-01,2015-07-31,942,942,6354198,779,942,100.0
159,2013-01-01,2015-07-31,758,758,4827383,623,942,80.46709129511677
160,2013-01-01,2015-07-31,942,942,4475644,781,942,100.0
161,2013-01-01,2015-07-31,942,942,5649774,779,942,100.0
162,2013-01-01,2015-07-31,942,942,6066911,781,942,100.0
163,2013-01-01,2015-07-31,942,942,5722186,784,942,100.0
164,2013-01-01,2015-07-31,758,758,3868966,623,942,80.46709129511677
165,2013-01-01,2015-07-31,758,758,2486031,622,942,80.46709129511677
166,2013-01-01,2015-07-31,942,942,4533193,779,942,100.0
167,2013-01-01,2015-07-31,942,942,7250708,780,942,100.0
168,2013-01-01,2015-07-31,942,942,5840824,777,942,100.0
169,2013-01-01,2015-07-31,942,942,5529699,766,942,100.0
170,2013-01-01,2015-07-31,942,942,3902355,779,942,100.0
171,2013-01-01,2015-07-31,942,942,6566306,779,942,100.0
172,2013-01-01,2015-07-31,758,758,4342600,622,942,80.46709129511677
173,2013-01-01,2015-07-31,942,942,6454502,784,942,100.0
174,2013-01-01,2015-07-31,758,758,3692528,622,942,80.46709129511677
175,2013-01-01,2015-07-31,942,942,4535086,784,942,100.0
176,2013-01-01,2015-07-31,942,942,4111700,779,942,100.0
177,2013-01-01,2015-07-31,942,942,3115395,780,942,100.0
178,2013-01-01,2015-07-31,942,942,7870142,780,942,100.0
179,2013-01-01,2015-07-31,942,942,5683019,779,942,100.0
180,2013-01-01,2015-07-31,942,942,5660528,784,942,100.0
181,2013-01-01,2015-07-31,758,758,3976421,623,942,80.46709129511677
182,2013-01-01,2015-07-31,942,942,4142935,781,942,100.0
183,2013-01-01,2015-07-31,758,758,2945836,611,942,80.46709129511677
184,2013-01-01,2015-07-31,942,942,5123769,777,942,100.0
185,2013-01-01,2015-07-31,942,942,5621764,784,942,100.0
186,2013-01-01,2015-07-31,758,758,2353548,622,942,80.46709129511677
187,2013-01-01,2015-07-31,942,942,4923311,784,942,100.0
188,2013-01-01,2015-07-31,942,942,3884836,779,942,100.0
189,2013-01-01,2015-07-31,942,942,6826322,779,942,100.0
190,2013-01-01,2015-07-31,758,758,4477750,622,942,80.46709129511677
191,2013-01-01,2015-07-31,758,758,4253819,622,942,80.46709129511677
192,2013-01-01,2015-07-31,758,758,5608471,622,942,80.46709129511677
193,2013-01-01,2015-07-31,942,942,4166302,777,942,100.0
194,2013-01-01,2015-07-31,942,942,3752516,777,942,100.0
195,2013-01-01,2015-07-31,942,942,8345567,779,942,100.0
196,2013-01-01,2015-07-31,942,942,4079175,782,942,100.0
197,2013-01-01,2015-07-31,942,942,5367788,784,942,100.0
198,2013-01-01,2015-07-31,942,942,2268273,782,942,100.0
199,2013-01-01,2015-07-31,942,942,6197488,779,942,100.0
200,2013-01-01,2015-07-31,942,942,6021315,779,942,100.0
201,2013-01-01,2015-07-31,942,942,4089245,779,942,100.0
202,2013-01-01,2015-07-31,942,942,4737388,781,942,100.0
203,2013-01-01,2015-07-31,942,942,5298238,782,942,100.0
204,2013-01-01,2015-07-31,758,758,3412446,622,942,80.46709129511677
205,2013-01-01,2015-07-31,942,942,5124867,784,942,100.0
206,2013-01-01,2015-07-31,942,942,5575733,779,942,100.0
207,2013-01-01,2015-07-31,942,942,8768418,784,942,100.0
208,2013-01-01,2015-07-31,942,942,2302052,784,942,100.0
209,2013-01-01,2015-07-31,942,942,4928424,882,942,100.0
210,2013-01-01,2015-07-31,942,942,2488114,779,942,100.0
211,2013-01-01,2015-07-31,942,942,10187567,784,942,100.0
212,2013-01-01,2015-07-31,942,942,3744115,784,942,100.0
213,2013-01-01,2015-07-31,942,942,6334081,779,942,100.0
214,2013-01-01,2015-07-31,942,942,7269531,779,942,100.0
215,2013-01-01,2015-07-31,758,758,3920679,621,942,80.46709129511677
216,2013-01-01,2015-07-31,942,942,5607978,776,942,100.0
217,2013-01-01,2015-07-31,942,942,3685496,784,942,100.0
218,2013-01-01,2015-07-31,758,758,3121555,622,942,80.46709129511677
219,2013-01-01,2015-07-31,942,942,2441162,779,942,100.0
220,2013-01-01,2015-07-31,942,942,3807392,776,942,100.0
221,2013-01-01,2015-07-31,942,942,4564321,784,942,100.0
222,2013-01-01,2015-07-31,942,942,3906246,784,942,100.0
223,2013-01-01,2015-07-31,942,942,5656109,782,942,100.0
224,2013-01-01,2015-07-31,942,942,5151315,777,942,100.0
225,2013-01-01,2015-07-31,942,942,4064054,782,942,100.0
226,2013-01-01,2015-07-31,942,942,5667944,781,942,100.0
227,2013-01-01,2015-07-31,942,942,4623704,768,942,100.0
228,2013-01-01,2015-07-31,942,942,6190043,779,942,100.0
229,2013-01-01,2015-07-31,942,942,6734738,779,942,100.0
230,2013-01-01,2015-07-31,942,942,5928326,784,942,100.0
231,2013-01-01,2015-07-31,758,758,2967114,622,942,80.46709129511677
232,2013-01-01,2015-07-31,942,942,2583221,766,942,100.0
233,2013-01-01,2015-07-31,942,942,7365681,781,942,100.0
234,2013-01-01,2015-07-31,942,942,8625334,779,942,100.0
235,2013-01-01,2015-07-31,942,942,4635585,781,942,100.0
236,2013-01-01,2015-07-31,942,942,5581738,784,942,100.0
237,2013-01-01,2015-07-31,942,942,3556217,784,942,100.0
238,2013-01-01,2015-07-31,942,942,5868876,766,942,100.0
239,2013-01-01,2015-07-31,942,942,3950473,779,942,100.0
240,2013-01-01,2015-07-31,942,942,3772636,784,942,100.0
241,2013-01-01,2015-07-31,942,942,5128334,779,942,100.0
242,2013-01-01,2015-07-31,942,942,3196707,781,942,100.0
243,2013-01-01,2015-07-31,758,758,4407146,623,942,80.46709129511677
244,2013-01-01,2015-07-31,942,942,4106186,779,942,100.0
245,2013-01-01,2015-07-31,942,942,6949075,781,942,100.0
246,2013-01-01,2015-07-31,942,942,5551547,784,942,100.0
247,2013-01-01,2015-07-31,942,942,6698411,781,942,100.0
248,2013-01-01,2015-07-31,942,942,6555942,784,942,100.0
249,2013-01-01,2015-07-31,942,942,4144086,784,942,100.0
250,2013-01-01,2015-07-31,942,942,6615557,781,942,100.0
251,2013-01-01,2015-07-31,942,942,14896870,779,942,100.0
252,2013-01-01,2015-07-31,942,942,8269484,779,942,100.0
253,2013-01-01,2015-07-31,942,942,4476698,779,942,100.0
254,2013-01-01,2015-07-31,942,942,2341661,779,942,100.0
255,2013-01-01,2015-07-31,942,942,4885211,779,942,100.0
256,2013-01-01,2015-07-31,942,942,7630314,776,942,100.0
257,2013-01-01,2015-07-31,942,942,4183099,784,942,100.0
258,2013-01-01,2015-07-31,758,758,3509384,622,942,80.46709129511677
259,2013-01-01,2015-07-31,942,942,10851871,932,942,100.0
260,2013-01-01,2015-07-31,942,942,5143038,784,942,100.0
261,2013-01-01,2015-07-31,942,942,9828244,779,942,100.0
262,2013-01-01,2015-07-31,942,942,19516842,942,942,100.0
263,2013-01-01,2015-07-31,758,758,2306075,622,942,80.46709129511677
264,2013-01-01,2015-07-31,942,942,5512491,762,942,100.0
265,2013-01-01,2015-07-31,942,942,3859812,779,942,100.0
266,2013-01-01,2015-07-31,942,942,3424011,780,942,100.0
267,2013-01-01,2015-07-31,942,942,7282702,784,942,100.0
268,2013-01-01,2015-07-31,942,942,3826840,784,942,100.0
269,2013-01-01,2015-07-31,942,942,7281084,779,942,100.0
270,2013-01-01,2015-07-31,942,942,7284633,784,942,100.0
271,2013-01-01,2015-07-31,942,942,6116519,780,942,100.0
272,2013-01-01,2015-07-31,942,942,4871343,781,942,100.0
273,2013-01-01,2015-07-31,942,942,5499466,779,942,100.0
274,2013-01-01,2015-07-31,942,942,3794012,932,942,100.0
275,2013-01-01,2015-07-31,758,758,4630070,622,942,80.46709129511677
276,2013-01-01,2015-07-31,942,942,3191132,780,942,100.0
277,2013-01-01,2015-07-31,758,758,4008491,622,942,80.46709129511677
278,2013-01-01,2015-07-31,942,942,5599459,784,942,100.0
279,2013-01-01,2015-07-31,758,758,5532919,623,942,80.46709129511677
280,2013-01-01,2015-07-31,942,942,4869839,777,942,100.0
281,2013-01-01,2015-07-31,942,942,4594724,784,942,100.0
282,2013-01-01,2015-07-31,942,942,3456330,784,942,100.0
283,2013-01-01,2015-07-31,758,758,4425007,622,942,80.46709129511677
284,2013-01-01,2015-07-31,758,758,3367042,622,942,80.46709129511677
285,2013-01-01,2015-07-31,942,942,4025996,781,942,100.0
286,2013-01-01,2015-07-31,942,942,3838772,779,942,100.0
287,2013-01-01,2015-07-31,758,758,5070793,622,942,80.46709129511677
288,2013-01-01,2015-07-31,758,758,3499206,622,942,80.46709129511677
289,2013-01-01,2015-07-31,942,942,4936879,781,942,100.0
290,2013-01-01,2015-07-31,942,942,5464029,779,942,100.0
291,2013-01-01,2015-07-31,942,942,6257971,780,942,100.0
292,2013-01-01,2015-07-31,942,942,4422953,766,942,100.0
293,2013-01-01,2015-07-31,942,942,4899830,783,942,100.0
294,2013-01-01,2015-07-31,942,942,4506589,781,942,100.0
295,2013-01-01,2015-07-31,942,942,4106780,777,942,100.0
296,2013-01-01,2015-07-31,942,942,5438463,781,942,100.0
297,2013-01-01,2015-07-31,942,942,5432839,777,942,100.0
298,2013-01-01,2015-07-31,758,758,5223940,622,942,80.46709129511677
299,2013-01-01,2015-07-31,942,942,5499540,882,942,100.0
300,2013-01-01,2015-07-31,942,942,5534680,782,942,100.0
301,2013-01-01,2015-07-31,942,942,4342138,784,942,100.0
302,2013-01-01,2015-07-31,942,942,2922724,781,942,100.0
303,2013-01-01,2015-07-31,942,942,4740126,767,942,100.0
304,2013-01-01,2015-07-31,942,942,5541079,784,942,100.0
305,2013-01-01,2015-07-31,942,942,4176274,781,942,100.0
306,2013-01-01,2015-07-31,758,758,2717435,622,942,80.46709129511677
307,2013-01-01,2015-07-31,942,942,2114322,782,942,100.0
308,2013-01-01,2015-07-31,942,942,7183229,768,942,100.0
309,2013-01-01,2015-07-31,942,942,5430658,779,942,100.0
310,2013-01-01,2015-07-31,942,942,7388018,897,942,100.0
311,2013-01-01,2015-07-31,942,942,5184737,781,942,100.0
312,2013-01-01,2015-07-31,942,942,4348731,781,942,100.0
313,2013-01-01,2015-07-31,942,942,5533037,782,942,100.0
314,2013-01-01,2015-07-31,942,942,4002280,779,942,100.0
315,2013-01-01,2015-07-31,942,942,3333890,784,942,100.0
316,2013-01-01,2015-07-31,942,942,7677532,779,942,100.0
317,2013-01-01,2015-07-31,758,758,3346040,622,942,80.46709129511677
318,2013-01-01,2015-07-31,942,942,5871619,780,942,100.0
319,2013-01-01,2015-07-31,942,942,6105068,784,942,100.0
320,2013-01-01,2015-07-31,942,942,11630218,784,942,100.0
321,2013-01-01,2015-07-31,942,942,4647488,780,942,100.0
322,2013-01-01,2015-07-31,942,942,3926557,782,942,100.0
323,2013-01-01,2015-07-31,942,942,5737615,779,942,100.0
324,2013-01-01,2015-07-31,942,942,4436629,780,942,100.0
325,2013-01-01,2015-07-31,942,942,5051539,779,942,100.0
326,2013-01-01,2015-07-31,942,942,3901936,779,942,100.0
327,2013-01-01,2015-07-31,942,942,6012573,778,942,100.0
328,2013-01-01,2015-07-31,942,942,3452551,779,942,100.0
329,2013-01-01,2015-07-31,942,942,5385006,779,942,100.0
330,2013-01-01,2015-07-31,942,942,3245811,779,942,100.0
331,2013-01-01,2015-07-31,942,942,4799307,779,942,100.0
332,2013-01-01,2015-07-31,942,942,2908282,780,942,100.0
333,2013-01-01,2015-07-31,942,942,7662181,784,942,100.0
334,2013-01-01,2015-07-31,942,942,4228712,779,942,100.0
335,2013-01-01,2015-07-31,942,942,12541731,942,942,100.0
336,2013-01-01,2015-07-31,942,942,10850316,780,942,100.0
337,2013-01-01,2015-07-31,942,942,3943779,781,942,100.0
338,2013-01-01,2015-07-31,942,942,5637222,781,942,100.0
339,2013-01-01,2015-07-31,942,942,3881031,756,942,100.0
340,2013-01-01,2015-07-31,942,942,5084744,784,942,100.0
341,2013-01-01,2015-07-31,942,942,4293485,779,942,100.0
342,2013-01-01,2015-07-31,758,758,6895670,621,942,80.46709129511677
343,2013-01-01,2015-07-31,942,942,5608306,779,942,100.0
344,2013-01-01,2015-07-31,942,942,6649189,784,942,100.0
345,2013-01-01,2015-07-31,758,758,2836062,622,942,80.46709129511677
346,2013-01-01,2015-07-31,942,942,5320960,779,942,100.0
347,2013-01-01,2015-07-31,942,942,3732856,777,942,100.0
348,2013-01-01,2015-07-31,758,758,5255376,597,942,80.46709129511677
349,2013-01-01,2015-07-31,942,942,5711451,700,942,100.0
350,2013-01-01,2015-07-31,942,942,5477257,781,942,100.0
351,2013-01-01,2015-07-31,942,942,4710510,779,942,100.0
352,2013-01-01,2015-07-31,942,942,5246710,784,942,100.0
353,2013-01-01,2015-07-31,942,942,5255773,931,942,100.0
354,2013-01-01,2015-07-31,942,942,6536263,779,942,100.0
355,2013-01-01,2015-07-31,942,942,7172668,784,942,100.0
356,2013-01-01,2015-07-31,942,942,4443882,777,942,100.0
357,2013-01-01,2015-07-31,942,942,5986921,768,942,100.0
358,2013-01-01,2015-07-31,942,942,8028461,779,942,100.0
359,2013-01-01,2015-07-31,942,942,5337128,779,942,100.0
360,2013-01-01,2015-07-31,942,942,5437400,784,942,100.0
361,2013-01-01,2015-07-31,942,942,4888169,780,942,100.0
362,2013-01-01,2015-07-31,942,942,7323168,781,942,100.0
363,2013-01-01,2015-07-31,942,942,5593213,784,942,100.0
364,2013-01-01,2015-07-31,942,942,3510451,771,942,100.0
365,2013-01-01,2015-07-31,758,758,3378609,621,942,80.46709129511677
366,2013-01-01,2015-07-31,942,942,4833475,780,942,100.0
367,2013-01-01,2015-07-31,942,942,4119323,784,942,100.0
368,2013-01-01,2015-07-31,942,942,7526231,777,942,100.0
369,2013-01-01,2015-07-31,942,942,5354973,781,942,100.0
370,2013-01-01,2015-07-31,942,942,5959072,779,942,100.0
371,2013-01-01,2015-07-31,942,942,5380900,781,942,100.0
372,2013-01-01,2015-07-31,942,942,6844455,779,942,100.0
373,2013-01-01,2015-07-31,942,942,3520201,777,942,100.0
374,2013-01-01,2015-07-31,942,942,5495584,784,942,100.0
375,2013-01-01,2015-07-31,942,942,7148220,780,942,100.0
376,2013-01-01,2015-07-31,942,942,6548133,774,942,100.0
377,2013-01-01,2015-07-31,942,942,6129725,784,942,100.0
378,2013-01-01,2015-07-31,942,942,4927020,779,942,100.0
379,2013-01-01,2015-07-31,942,942,3059341,784,942,100.0
380,2013-01-01,2015-07-31,942,942,11261676,779,942,100.0
381,2013-01-01,2015-07-31,942,942,7021213,780,942,100.0
382,2013-01-01,2015-07-31,942,942,6228961,780,942,100.0
383,2013-01-01,2015-07-31,942,942,13489879,780,942,100.0
384,2013-01-01,2015-07-31,942,942,6937572,782,942,100.0
385,2013-01-01,2015-07-31,758,758,4570779,622,942,80.46709129511677
386,2013-01-01,2015-07-31,942,942,6255013,779,942,100.0
387,2013-01-01,2015-07-31,942,942,7171744,766,942,100.0
388,2013-01-01,2015-07-31,942,942,7990920,779,942,100.0
389,2013-01-01,2015-07-31,942,942,8104523,784,942,100.0
390,2013-01-01,2015-07-31,942,942,9023552,780,942,100.0
391,2013-01-01,2015-07-31,942,942,4392619,768,942,100.0
392,2013-01-01,2015-07-31,942,942,5670675,779,942,100.0
393,2013-01-01,2015-07-31,942,942,4598489,779,942,100.0
394,2013-01-01,2015-07-31,942,942,6523885,781,942,100.0
395,2013-01-01,2015-07-31,942,942,3107536,779,942,100.0
396,2013-01-01,2015-07-31,942,942,7973232,780,942,100.0
397,2013-01-01,2015-07-31,942,942,4342834,779,942,100.0
398,2013-01-01,2015-07-31,942,942,4309274,784,942,100.0
399,2013-01-01,2015-07-31,758,758,3457604,622,942,80.46709129511677
400,2013-01-01,2015-07-31,942,942,6839152,782,942,100.0
401,2013-01-01,2015-07-31,942,942,5480695,780,942,100.0
402,2013-01-01,2015-07-31,942,942,4569233,780,942,100.0
403,2013-01-01,2015-07-31,942,942,5817980,779,942,100.0
404,2013-01-01,2015-07-31,942,942,3631985,759,942,100.0
405,2013-01-01,2015-07-31,942,942,3521625,779,942,100.0
406,2013-01-01,2015-07-31,942,942,4760515,779,942,100.0
407,2013-01-01,2015-07-31,758,758,2417555,622,942,80.46709129511677
408,2013-01-01,2015-07-31,942,942,3673481,777,942,100.0
409,2013-01-01,2015-07-31,942,942,4316867,781,942,100.0
410,2013-01-01,2015-07-31,942,942,5019781,779,942,100.0
411,2013-01-01,2015-07-31,942,942,7133158,781,942,100.0
412,2013-01-01,2015-07-31,758,758,5661520,622,942,80.46709129511677
413,2013-01-01,2015-07-31,758,758,4390211,622,942,80.46709129511677
414,2013-01-01,2015-07-31,942,942,5020250,781,942,100.0
415,2013-01-01,2015-07-31,942,942,4863171,780,942,100.0
416,2013-01-01,2015-07-31,942,942,8633413,784,942,100.0
417,2013-01-01,2015-07-31,942,942,5946326,779,942,100.0
418,2013-01-01,2015-07-31,942,942,4094061,776,942,100.0
419,2013-01-01,2015-07-31,942,942,4163948,784,942,100.0
420,2013-01-01,2015-07-31,758,758,2824092,622,942,80.46709129511677
421,2013-01-01,2015-07-31,942,942,7517189,784,942,100.0
422,2013-01-01,2015-07-31,942,942,3574303,784,942,100.0
423,2013-01-01,2015-07-31,942,942,10200356,942,942,100.0
424,2013-01-01,2015-07-31,942,942,5395164,779,942,100.0
425,2013-01-01,2015-07-31,942,942,2512424,776,942,100.0
426,2013-01-01,2015-07-31,942,942,3948281,779,942,100.0
427,2013-01-01,2015-07-31,758,758,4761741,623,942,80.46709129511677
428,2013-01-01,2015-07-31,758,758,3910828,622,942,80.46709129511677
429,2013-01-01,2015-07-31,758,758,3309752,622,942,80.46709129511677
430,2013-01-01,2015-07-31,758,758,5369397,622,942,80.46709129511677
431,2013-01-01,2015-07-31,942,942,7419918,779,942,100.0
432,2013-01-01,2015-07-31,942,942,8610571,784,942,100.0
433,2013-01-01,2015-07-31,942,942,4621066,862,942,100.0
434,2013-01-01,2015-07-31,758,758,6160800,622,942,80.46709129511677
435,2013-01-01,2015-07-31,942,942,2553322,779,942,100.0
436,2013-01-01,2015-07-31,942,942,4297398,780,942,100.0
437,2013-01-01,2015-07-31,942,942,5746040,780,942,100.0
438,2013-01-01,2015-07-31,942,942,4019904,780,942,100.0
439,2013-01-01,2015-07-31,942,942,5719235,784,942,100.0
440,2013-01-01,2015-07-31,942,942,4006273,777,942,100.0
441,2013-01-01,2015-07-31,942,942,4929786,779,942,100.0
442,2013-01-01,2015-07-31,942,942,3402587,777,942,100.0
443,2013-01-01,2015-07-31,942,942,4095855,780,942,100.0
444,2013-01-01,2015-07-31,942,942,9470625,777,942,100.0
445,2013-01-01,2015-07-31,942,942,6673717,776,942,100.0
446,2013-01-01,2015-07-31,942,942,3842157,779,942,100.0
447,2013-01-01,2015-07-31,942,942,4161176,784,942,100.0
448,2013-01-01,2015-07-31,942,942,6609087,779,942,100.0
449,2013-01-01,2015-07-31,942,942,8789176,781,942,100.0
450,2013-01-01,2015-07-31,942,942,6830229,777,942,100.0
451,2013-01-01,2015-07-31,942,942,4248112,781,942,100.0
452,2013-01-01,2015-07-31,942,942,4037476,784,942,100.0
453,2013-01-01,2015-07-31,942,942,6896821,887,942,100.0
454,2013-01-01,2015-07-31,942,942,4519416,780,942,100.0
455,2013-01-01,2015-07-31,942,942,5727571,777,942,100.0
456,2013-01-01,2015-07-31,942,942,4822447,779,942,100.0
457,2013-01-01,2015-07-31,758,758,3010824,622,942,80.46709129511677
458,2013-01-01,2015-07-31,942,942,5921634,781,942,100.0
459,2013-01-01,2015-07-31,942,942,7194572,784,942,100.0
460,2013-01-01,2015-07-31,942,942,2914087,780,942,100.0
461,2013-01-01,2015-07-31,942,942,3759643,777,942,100.0
462,2013-01-01,2015-07-31,942,942,3769419,780,942,100.0
463,2013-01-01,2015-07-31,942,942,4747749,779,942,100.0
464,2013-01-01,2015-07-31,942,942,8343864,784,942,100.0
465,2013-01-01,2015-07-31,942,942,6062752,781,942,100.0
466,2013-01-01,2015-07-31,942,942,6007933,779,942,100.0
467,2013-01-01,2015-07-31,942,942,10501035,779,942,100.0
468,2013-01-01,2015-07-31,942,942,5229014,784,942,100.0
469,2013-01-01,2015-07-31,942,942,9330742,784,942,100.0
470,2013-01-01,2015-07-31,942,942,10174712,776,942,100.0
471,2013-01-01,2015-07-31,758,758,4422266,622,942,80.46709129511677
472,2013-01-01,2015-07-31,942,942,4080447,784,942,100.0
473,2013-01-01,2015-07-31,942,942,2767243,779,942,100.0
474,2013-01-01,2015-07-31,942,942,5885972,782,942,100.0
475,2013-01-01,2015-07-31,942,942,5023680,776,942,100.0
476,2013-01-01,2015-07-31,942,942,4564251,780,942,100.0
477,2013-01-01,2015-07-31,758,758,3864914,622,942,80.46709129511677
478,2013-01-01,2015-07-31,942,942,5336648,784,942,100.0
479,2013-01-01,2015-07-31,942,942,8782548,782,942,100.0
480,2013-01-01,2015-07-31,942,942,3869738,784,942,100.0
481,2013-01-01,2015-07-31,942,942,4026351,781,942,100.0
482,2013-01-01,2015-07-31,942,942,6517671,782,942,100.0
483,2013-01-01,2015-07-31,942,942,3859771,780,942,100.0
484,2013-01-01,2015-07-31,942,942,6050653,784,942,100.0
485,2013-01-01,2015-07-31,758,758,3029769,622,942,80.46709129511677
486,2013-01-01,2015-07-31,942,942,3323793,779,942,100.0
487,2013-01-01,2015-07-31,942,942,5487451,784,942,100.0
488,2013-01-01,2015-07-31,942,942,2890074,784,942,100.0
489,2013-01-01,2015-07-31,942,942,5698967,780,942,100.0
490,2013-01-01,2015-07-31,758,758,5131331,622,942,80.46709129511677
491,2013-01-01,2015-07-31,942,942,5242001,777,942,100.0
492,2013-01-01,2015-07-31,758,758,4825503,614,942,80.46709129511677
493,2013-01-01,2015-07-31,942,942,6462326,779,942,100.0
494,2013-01-01,2015-07-31,942,942,7205637,942,942,100.0
495,2013-01-01,2015-07-31,942,942,4005216,777,942,100.0
496,2013-01-01,2015-07-31,942,942,6059458,784,942,100.0
497,2013-01-01,2015-07-31,942,942,7077518,781,942,100.0
498,2013-01-01,2015-07-31,758,758,4351844,622,942,80.46709129511677
499,2013-01-01,2015-07-31,942,942,4006203,777,942,100.0
500,2013-01-01,2015-07-31,758,758,3330211,622,942,80.46709129511677
501,2013-01-01,2015-07-31,758,758,3345228,622,942,80.46709129511677
502,2013-01-01,2015-07-31,942,942,8377408,774,942,100.0
503,2013-01-01,2015-07-31,942,942,5224595,780,942,100.0
504,2013-01-01,2015-07-31,942,942,5231756,784,942,100.0
505,2013-01-01,2015-07-31,942,942,3711170,777,942,100.0
506,2013-01-01,2015-07-31,942,942,5905867,779,942,100.0
507,2013-01-01,2015-07-31,942,942,6587045,779,942,100.0
508,2013-01-01,2015-07-31,942,942,5251735,776,942,100.0
509,2013-01-01,2015-07-31,942,942,4783674,781,942,100.0
510,2013-01-01,2015-07-31,942,942,6385260,779,942,100.0
511,2013-01-01,2015-07-31,942,942,4439259,784,942,100.0
512,2013-01-01,2015-07-31,758,758,4105679,745,942,80.46709129511677
513,2013-01-01,2015-07-31,942,942,14252406,784,942,100.0
514,2013-01-01,2015-07-31,758,758,3580238,622,942,80.46709129511677
515,2013-01-01,2015-07-31,942,942,7056301,779,942,100.0
516,2013-01-01,2015-07-31,942,942,4579807,779,942,100.0
517,2013-01-01,2015-07-31,942,942,4525491,759,942,100.0
518,2013-01-01,2015-07-31,758,758,3653972,623,942,80.46709129511677
519,2013-01-01,2015-07-31,942,942,4160155,784,942,100.0
520,2013-01-01,2015-07-31,942,942,3033870,784,942,100.0
521,2013-01-01,2015-07-31,942,942,4036010,779,942,100.0
522,2013-01-01,2015-07-31,758,758,5122860,623,942,80.46709129511677
523,2013-01-01,2015-07-31,942,942,12175995,784,942,100.0
524,2013-01-01,2015-07-31,942,942,6793232,881,942,100.0
525,2013-01-01,2015-07-31,942,942,8012460,783,942,100.0
526,2013-01-01,2015-07-31,942,942,8312841,782,942,100.0
527,2013-01-01,2015-07-31,942,942,8383796,781,942,100.0
528,2013-01-01,2015-07-31,942,942,8338762,779,942,100.0
529,2013-01-01,2015-07-31,942,942,6133846,784,942,100.0
530,2013-01-01,2015-07-31,942,942,4198697,906,942,100.0
531,2013-01-01,2015-07-31,942,942,3843117,784,942,100.0
532,2013-01-01,2015-07-31,942,942,8487100,779,942,100.0
533,2013-01-01,2015-07-31,942,942,7505547,777,942,100.0
534,2013-01-01,2015-07-31,758,758,4684684,623,942,80.46709129511677
535,2013-01-01,2015-07-31,942,942,6322186,779,942,100.0
536,2013-01-01,2015-07-31,942,942,6484095,779,942,100.0
537,2013-01-01,2015-07-31,942,942,4335799,777,942,100.0
538,2013-01-01,2015-07-31,942,942,3025475,784,942,100.0
539,2013-01-01,2015-07-31,758,758,7035419,622,942,80.46709129511677
540,2013-01-01,2015-07-31,758,758,3513672,622,942,80.46709129511677
541,2013-01-01,2015-07-31,942,942,5235513,779,942,100.0
542,2013-01-01,2015-07-31,758,758,3885411,622,942,80.46709129511677
543,2013-01-01,2015-07-31,942,942,2179287,781,942,100.0
544,2013-01-01,2015-07-31,942,942,10993709,780,942,100.0
545,2013-01-01,2015-07-31,942,942,8284865,779,942,100.0
546,2013-01-01,2015-07-31,942,942,10726323,784,942,100.0
547,2013-01-01,2015-07-31,758,758,3578049,622,942,80.46709129511677
548,2013-01-01,2015-07-31,942,942,3896082,769,942,100.0
549,2013-01-01,2015-07-31,942,942,3639890,784,942,100.0
550,2013-01-01,2015-07-31,942,942,4665403,781,942,100.0
551,2013-01-01,2015-07-31,942,942,5142553,784,942,100.0
552,2013-01-01,2015-07-31,942,942,6030778,781,942,100.0
553,2013-01-01,2015-07-31,942,942,5468991,777,942,100.0
554,2013-01-01,2015-07-31,942,942,3513115,784,942,100.0
555,2013-01-01,2015-07-31,758,758,3223315,623,942,80.46709129511677
556,2013-01-01,2015-07-31,942,942,5620964,783,942,100.0
557,2013-01-01,2015-07-31,942,942,3410036,778,942,100.0
558,2013-01-01,2015-07-31,942,942,2541355,784,942,100.0
559,2013-01-01,2015-07-31,942,942,4588710,780,942,100.0
560,2013-01-01,2015-07-31,942,942,10168806,747,942,100.0
561,2013-01-01,2015-07-31,942,942,5385871,779,942,100.0
562,2013-01-01,2015-07-31,942,942,16927322,942,942,100.0
563,2013-01-01,2015-07-31,942,942,4278470,776,942,100.0
564,2013-01-01,2015-07-31,942,942,4306402,779,942,100.0
565,2013-01-01,2015-07-31,942,942,5169769,779,942,100.0
566,2013-01-01,2015-07-31,942,942,3845237,784,942,100.0
567,2013-01-01,2015-07-31,942,942,4083132,779,942,100.0
568,2013-01-01,2015-07-31,942,942,3809325,781,942,100.0
569,2013-01-01,2015-07-31,942,942,3543332,784,942,100.0
570,2013-01-01,2015-07-31,942,942,3533080,779,942,100.0
571,2013-01-01,2015-07-31,758,758,4815991,622,942,80.46709129511677
572,2013-01-01,2015-07-31,942,942,5345670,776,942,100.0
573,2013-01-01,2015-07-31,758,758,2472309,622,942,80.46709129511677
574,2013-01-01,2015-07-31,942,942,6913915,777,942,100.0
575,2013-01-01,2015-07-31,758,758,3343994,623,942,80.46709129511677
576,2013-01-01,2015-07-31,942,942,5474294,784,942,100.0
577,2013-01-01,2015-07-31,942,942,3883479,784,942,100.0
578,2013-01-01,2015-07-31,942,942,7356117,901,942,100.0
579,2013-01-01,2015-07-31,942,942,6461297,779,942,100.0
580,2013-01-01,2015-07-31,942,942,7994967,784,942,100.0
581,2013-01-01,2015-07-31,942,942,4154967,779,942,100.0
582,2013-01-01,2015-07-31,942,942,5492051,782,942,100.0
583,2013-01-01,2015-07-31,942,942,3363288,780,942,100.0
584,2013-01-01,2015-07-31,942,942,3697954,781,942,100.0
585,2013-01-01,2015-07-31,942,942,4449323,784,942,100.0
586,2013-01-01,2015-07-31,942,942,11742401,776,942,100.0
587,2013-01-01,2015-07-31,758,758,6020227,623,942,80.46709129511677
588,2013-01-01,2015-07-31,942,942,4825215,784,942,100.0
589,2013-01-01,2015-07-31,942,942,3537175,757,942,100.0
590,2013-01-01,2015-07-31,942,942,3872700,777,942,100.0
591,2013-01-01,2015-07-31,942,942,4429448,777,942,100.0
592,2013-01-01,2015-07-31,942,942,3465390,779,942,100.0
593,2013-01-01,2015-07-31,942,942,7454238,784,942,100.0
594,2013-01-01,2015-07-31,942,942,3258199,784,942,100.0
595,2013-01-01,2015-07-31,942,942,11774982,784,942,100.0
596,2013-01-01,2015-07-31,942,942,3532562,784,942,100.0
597,2013-01-01,2015-07-31,942,942,3957495,779,942,100.0
598,2013-01-01,2015-07-31,758,758,3665006,622,942,80.46709129511677
599,2013-01-01,2015-07-31,942,942,7659466,784,942,100.0
600,2013-01-01,2015-07-31,942,942,5485348,784,942,100.0
601,2013-01-01,2015-07-31,942,942,3807976,781,942,100.0
602,2013-01-01,2015-07-31,942,942,4920431,781,942,100.0
603,2013-01-01,2015-07-31,942,942,5297052,764,942,100.0
604,2013-01-01,2015-07-31,758,758,4953601,622,942,80.46709129511677
605,2013-01-01,2015-07-31,942,942,5466800,778,942,100.0
606,2013-01-01,2015-07-31,942,942,4577941,784,942,100.0
607,2013-01-01,2015-07-31,942,942,3051294,782,942,100.0
608,2013-01-01,2015-07-31,942,942,7275038,780,942,100.0
609,2013-01-01,2015-07-31,942,942,3636230,784,942,100.0
610,2013-01-01,2015-07-31,942,942,3269954,779,942,100.0
611,2013-01-01,2015-07-31,758,758,3602813,622,942,80.46709129511677
612,2013-01-01,2015-07-31,758,758,4246423,623,942,80.46709129511677
613,2013-01-01,2015-07-31,942,942,5261587,782,942,100.0
614,2013-01-01,2015-07-31,942,942,5140680,780,942,100.0
615,2013-01-01,2015-07-31,942,942,7585401,781,942,100.0
616,2013-01-01,2015-07-31,942,942,6611772,779,942,100.0
617,2013-01-01,2015-07-31,942,942,4960149,780,942,100.0
618,2013-01-01,2015-07-31,942,942,5334682,781,942,100.0
619,2013-01-01,2015-07-31,758,758,2676841,622,942,80.46709129511677
620,2013-01-01,2015-07-31,758,758,4835283,622,942,80.46709129511677
621,2013-01-01,2015-07-31,942,942,4608739,779,942,100.0
622,2013-01-01,2015-07-31,942,942,3385282,784,942,100.0
623,2013-01-01,2015-07-31,942,942,5473895,768,942,100.0
624,2013-01-01,2015-07-31,942,942,5467853,779,942,100.0
625,2013-01-01,2015-07-31,942,942,4907852,779,942,100.0
626,2013-01-01,2015-07-31,942,942,7318373,780,942,100.0
627,2013-01-01,2015-07-31,942,942,4679168,781,942,100.0
628,2013-01-01,2015-07-31,942,942,4885169,784,942,100.0
629,2013-01-01,2015-07-31,758,758,4760004,622,942,80.46709129511677
630,2013-01-01,2015-07-31,942,942,5403029,779,942,100.0
631,2013-01-01,2015-07-31,942,942,4233841,784,942,100.0
632,2013-01-01,2015-07-31,942,942,5510559,784,942,100.0
633,2013-01-01,2015-07-31,758,758,4482889,622,942,80.46709129511677
634,2013-01-01,2015-07-31,942,942,5236366,780,942,100.0
635,2013-01-01,2015-07-31,942,942,4609211,780,942,100.0
636,2013-01-01,2015-07-31,758,758,3692957,623,942,80.46709129511677
637,2013-01-01,2015-07-31,758,758,5415918,622,942,80.46709129511677
638,2013-01-01,2015-07-31,758,758,3713936,618,942,80.46709129511677
639,2013-01-01,2015-07-31,942,942,3688329,779,942,100.0
640,2013-01-01,2015-07-31,942,942,8984969,779,942,100.0
641,2013-01-01,2015-07-31,942,942,4490386,779,942,100.0
642,2013-01-01,2015-07-31,942,942,2845461,779,942,100.0
643,2013-01-01,2015-07-31,942,942,6267634,784,942,100.0
644,2013-01-01,2015-07-31,758,758,5537010,592,942,80.46709129511677
645,2013-01-01,2015-07-31,942,942,8337410,777,942,100.0
646,2013-01-01,2015-07-31,758,758,3126126,622,942,80.46709129511677
647,2013-01-01,2015-07-31,942,942,4527267,784,942,100.0
648,2013-01-01,2015-07-31,942,942,5154013,784,942,100.0
649,2013-01-01,2015-07-31,942,942,2873358,780,942,100.0
650,2013-01-01,2015-07-31,758,758,3975207,622,942,80.46709129511677
651,2013-01-01,2015-07-31,942,942,5932759,779,942,100.0
652,2013-01-01,2015-07-31,942,942,5190629,782,942,100.0
653,2013-01-01,2015-07-31,942,942,4608178,779,942,100.0
654,2013-01-01,2015-07-31,942,942,5050619,780,942,100.0
655,2013-01-01,2015-07-31,942,942,6256703,779,942,100.0
656,2013-01-01,2015-07-31,942,942,2534495,781,942,100.0
657,2013-01-01,2015-07-31,942,942,4698459,776,942,100.0
658,2013-01-01,2015-07-31,942,942,4719829,779,942,100.0
659,2013-01-01,2015-07-31,942,942,4407938,781,942,100.0
660,2013-01-01,2015-07-31,758,758,2871525,622,942,80.46709129511677
661,2013-01-01,2015-07-31,942,942,5503903,769,942,100.0
662,2013-01-01,2015-07-31,942,942,6616587,784,942,100.0
663,2013-01-01,2015-07-31,942,942,3623173,757,942,100.0
664,2013-01-01,2015-07-31,942,942,3858158,780,942,100.0
665,2013-01-01,2015-07-31,942,942,6360621,775,942,100.0
666,2013-01-01,2015-07-31,942,942,5451906,777,942,100.0
667,2013-01-01,2015-07-31,942,942,6879831,783,942,100.0
668,2013-01-01,2015-07-31,942,942,7009629,784,942,100.0
669,2013-01-01,2015-07-31,758,758,2807854,622,942,80.46709129511677
670,2013-01-01,2015-07-31,758,758,4092358,621,942,80.46709129511677
671,2013-01-01,2015-07-31,758,758,3691881,622,942,80.46709129511677
672,2013-01-01,2015-07-31,942,942,6892942,780,942,100.0
673,2013-01-01,2015-07-31,942,942,5536916,777,942,100.0
674,2013-01-01,2015-07-31,942,942,6112239,746,942,100.0
675,2013-01-01,2015-07-31,942,942,3341266,781,942,100.0
676,2013-01-01,2015-07-31,942,942,7057092,918,942,100.0
677,2013-01-01,2015-07-31,758,758,4938047,622,942,80.46709129511677
678,2013-01-01,2015-07-31,942,942,5686651,779,942,100.0
679,2013-01-01,2015-07-31,942,942,7796037,784,942,100.0
680,2013-01-01,2015-07-31,942,942,4080960,784,942,100.0
681,2013-01-01,2015-07-31,942,942,2731676,767,942,100.0
682,2013-01-01,2015-07-31,942,942,10557379,942,942,100.0
683,2013-01-01,2015-07-31,942,942,7171315,784,942,100.0
684,2013-01-01,2015-07-31,758,758,4802690,622,942,80.46709129511677
685,2013-01-01,2015-07-31,942,942,5165199,779,942,100.0
686,2013-01-01,2015-07-31,942,942,4875320,780,942,100.0
687,2013-01-01,2015-07-31,942,942,6522150,779,942,100.0
688,2013-01-01,2015-07-31,942,942,2820350,780,942,100.0
689,2013-01-01,2015-07-31,942,942,5503014,781,942,100.0
690,2013-01-01,2015-07-31,942,942,4354600,779,942,100.0
691,2013-01-01,2015-07-31,942,942,6521018,779,942,100.0
692,2013-01-01,2015-07-31,942,942,5132377,779,942,100.0
693,2013-01-01,2015-07-31,942,942,5160800,781,942,100.0
694,2013-01-01,2015-07-31,758,758,5005559,622,942,80.46709129511677
695,2013-01-01,2015-07-31,942,942,4201243,779,942,100.0
696,2013-01-01,2015-07-31,942,942,6154509,784,942,100.0
697,2013-01-01,2015-07-31,942,942,8301159,779,942,100.0
698,2013-01-01,2015-07-31,942,942,12202270,784,942,100.0
699,2013-01-01,2015-07-31,942,942,6373219,766,942,100.0
700,2013-01-01,2015-07-31,942,942,3297857,757,942,100.0
701,2013-01-01,2015-07-31,758,758,3594522,622,942,80.46709129511677
702,2013-01-01,2015-07-31,758,758,2720610,622,942,80.46709129511677
703,2013-01-01,2015-07-31,942,942,2563326,779,942,100.0
704,2013-01-01,2015-07-31,942,942,8138397,783,942,100.0
705,2013-01-01,2015-07-31,942,942,6206501,779,942,100.0
706,2013-01-01,2015-07-31,758,758,3572311,622,942,80.46709129511677
707,2013-01-01,2015-07-31,942,942,6481071,779,942,100.0
708,2013-01-01,2015-07-31,942,942,3145529,688,942,100.0
709,2013-01-01,2015-07-31,942,942,7751342,784,942,100.0
710,2013-01-01,2015-07-31,758,758,2828018,622,942,80.46709129511677
711,2013-01-01,2015-07-31,758,758,4307666,623,942,80.46709129511677
712,2013-01-01,2015-07-31,758,758,3994137,622,942,80.46709129511677
713,2013-01-01,2015-07-31,942,942,8349365,779,942,100.0
714,2013-01-01,2015-07-31,942,942,3538417,777,942,100.0
715,2013-01-01,2015-07-31,942,942,5037090,776,942,100.0
716,2013-01-01,2015-07-31,758,758,3556025,622,942,80.46709129511677
717,2013-01-01,2015-07-31,942,942,4325705,779,942,100.0
718,2013-01-01,2015-07-31,942,942,6178736,781,942,100.0
719,2013-01-01,2015-07-31,758,758,3348602,622,942,80.46709129511677
720,2013-01-01,2015-07-31,942,942,5618245,784,942,100.0
721,2013-01-01,2015-07-31,942,942,6015956,784,942,100.0
722,2013-01-01,2015-07-31,942,942,7711931,784,942,100.0
723,2013-01-01,2015-07-31,942,942,5492073,781,942,100.0
724,2013-01-01,2015-07-31,942,942,5307253,779,942,100.0
725,2013-01-01,2015-07-31,942,942,4505981,784,942,100.0
726,2013-01-01,2015-07-31,942,942,8617965,780,942,100.0
727,2013-01-01,2015-07-31,942,942,3537376,781,942,100.0
728,2013-01-01,2015-07-31,942,942,4075915,777,942,100.0
729,2013-01-01,2015-07-31,942,942,8217604,779,942,100.0
730,2013-01-01,2015-07-31,942,942,6315412,784,942,100.0
731,2013-01-01,2015-07-31,942,942,7177402,776,942,100.0
732,2013-01-01,2015-07-31,942,942,5135916,883,942,100.0
733,2013-01-01,2015-07-31,942,942,14067158,942,942,100.0
734,2013-01-01,2015-07-31,942,942,4658828,779,942,100.0
735,2013-01-01,2015-07-31,942,942,4304462,780,942,100.0
736,2013-01-01,2015-07-31,758,758,3261815,622,942,80.46709129511677
737,2013-01-01,2015-07-31,942,942,4765845,779,942,100.0
738,2013-01-01,2015-07-31,942,942,6628200,779,942,100.0
739,2013-01-01,2015-07-31,758,758,5944868,622,942,80.46709129511677
740,2013-01-01,2015-07-31,942,942,5449956,781,942,100.0
741,2013-01-01,2015-07-31,942,942,5973663,784,942,100.0
742,2013-01-01,2015-07-31,942,942,6252167,779,942,100.0
743,2013-01-01,2015-07-31,942,942,2976940,780,942,100.0
744,2013-01-01,2015-07-31,758,758,4511526,605,942,80.46709129511677
745,2013-01-01,2015-07-31,942,942,5849281,780,942,100.0
746,2013-01-01,2015-07-31,942,942,4716888,781,942,100.0
747,2013-01-01,2015-07-31,942,942,6261174,780,942,100.0
748,2013-01-01,2015-07-31,942,942,4469650,779,942,100.0
749,2013-01-01,2015-07-31,942,942,4042901,779,942,100.0
750,2013-01-01,2015-07-31,758,758,3108353,622,942,80.46709129511677
751,2013-01-01,2015-07-31,942,942,3284432,779,942,100.0
752,2013-01-01,2015-07-31,942,942,4091043,779,942,100.0
753,2013-01-01,2015-07-31,942,942,6785308,779,942,100.0
754,2013-01-01,2015-07-31,942,942,6324001,782,942,100.0
755,2013-01-01,2015-07-31,942,942,8187392,781,942,100.0
756,2013-01-01,2015-07-31,942,942,12911782,779,942,100.0
757,2013-01-01,2015-07-31,942,942,4832775,777,942,100.0
758,2013-01-01,2015-07-31,942,942,3768116,774,942,100.0
759,2013-01-01,2015-07-31,942,942,5460897,779,942,100.0
760,2013-01-01,2015-07-31,942,942,5935009,777,942,100.0
761,2013-01-01,2015-07-31,942,942,6843911,784,942,100.0
762,2013-01-01,2015-07-31,942,942,2965697,763,942,100.0
763,2013-01-01,2015-07-31,942,942,4802197,784,942,100.0
764,2013-01-01,2015-07-31,942,942,2714404,767,942,100.0
765,2013-01-01,2015-07-31,942,942,6609836,777,942,100.0
766,2013-01-01,2015-07-31,758,758,3809093,622,942,80.46709129511677
767,2013-01-01,2015-07-31,942,942,4722348,784,942,100.0
768,2013-01-01,2015-07-31,942,942,10185601,784,942,100.0
769,2013-01-01,2015-07-31,942,942,10198000,942,942,100.0
770,2013-01-01,2015-07-31,942,942,5046197,779,942,100.0
771,2013-01-01,2015-07-31,758,758,4181091,622,942,80.46709129511677
772,2013-01-01,2015-07-31,942,942,2804862,783,942,100.0
773,2013-01-01,2015-07-31,942,942,4464281,781,942,100.0
774,2013-01-01,2015-07-31,942,942,4307095,784,942,100.0
775,2013-01-01,2015-07-31,758,758,5405733,622,942,80.46709129511677
776,2013-01-01,2015-07-31,942,942,3728530,776,942,100.0
777,2013-01-01,2015-07-31,942,942,3109262,779,942,100.0
778,2013-01-01,2015-07-31,758,758,3670582,622,942,80.46709129511677
779,2013-01-01,2015-07-31,942,942,5560247,780,942,100.0
780,2013-01-01,2015-07-31,942,942,5106807,780,942,100.0
781,2013-01-01,2015-07-31,942,942,3839505,780,942,100.0
782,2013-01-01,2015-07-31,942,942,4275775,779,942,100.0
783,2013-01-01,2015-07-31,942,942,5364665,782,942,100.0
784,2013-01-01,2015-07-31,942,942,6038270,779,942,100.0
785,2013-01-01,2015-07-31,942,942,5072473,779,942,100.0
786,2013-01-01,2015-07-31,942,942,2779666,780,942,100.0
787,2013-01-01,2015-07-31,942,942,7977175,780,942,100.0
788,2013-01-01,2015-07-31,942,942,14082141,784,942,100.0
789,2013-01-01,2015-07-31,942,942,2626269,777,942,100.0
790,2013-01-01,2015-07-31,942,942,5820810,781,942,100.0
791,2013-01-01,2015-07-31,942,942,5973977,779,942,100.0
792,2013-01-01,2015-07-31,942,942,5756322,779,942,100.0
793,2013-01-01,2015-07-31,942,942,3764223,779,942,100.0
794,2013-01-01,2015-07-31,942,942,2405374,780,942,100.0
795,2013-01-01,2015-07-31,942,942,3547312,779,942,100.0
796,2013-01-01,2015-07-31,942,942,5643678,779,942,100.0
797,2013-01-01,2015-07-31,758,758,2617520,622,942,80.46709129511677
798,2013-01-01,2015-07-31,942,942,5825254,780,942,100.0
799,2013-01-01,2015-07-31,942,942,7708195,779,942,100.0
800,2013-01-01,2015-07-31,942,942,4157860,779,942,100.0
801,2013-01-01,2015-07-31,942,942,3798660,784,942,100.0
802,2013-01-01,2015-07-31,942,942,5363403,784,942,100.0
803,2013-01-01,2015-07-31,942,942,4650665,769,942,100.0
804,2013-01-01,2015-07-31,758,758,3061600,622,942,80.46709129511677
805,2013-01-01,2015-07-31,758,758,3784390,622,942,80.46709129511677
806,2013-01-01,2015-07-31,758,758,4234755,622,942,80.46709129511677
807,2013-01-01,2015-07-31,942,942,7669453,781,942,100.0
808,2013-01-01,2015-07-31,942,942,5687084,780,942,100.0
809,2013-01-01,2015-07-31,942,942,7317626,779,942,100.0
810,2013-01-01,2015-07-31,942,942,4619798,779,942,100.0
811,2013-01-01,2015-07-31,942,942,3239518,784,942,100.0
812,2013-01-01,2015-07-31,942,942,4966087,780,942,100.0
813,2013-01-01,2015-07-31,942,942,4514925,777,942,100.0
814,2013-01-01,2015-07-31,942,942,6628829,782,942,100.0
815,2013-01-01,2015-07-31,758,758,5222211,622,942,80.46709129511677
816,2013-01-01,2015-07-31,942,942,3998667,779,942,100.0
817,2013-01-01,2015-07-31,942,942,17057867,784,942,100.0
818,2013-01-01,2015-07-31,942,942,4772357,781,942,100.0
819,2013-01-01,2015-07-31,942,942,4775423,784,942,100.0
820,2013-01-01,2015-07-31,758,758,7517399,622,942,80.46709129511677
821,2013-01-01,2015-07-31,942,942,5438993,784,942,100.0
822,2013-01-01,2015-07-31,942,942,6066329,784,942,100.0
823,2013-01-01,2015-07-31,942,942,4549069,784,942,100.0
824,2013-01-01,2015-07-31,942,942,5358101,784,942,100.0
825,2013-01-01,2015-07-31,758,758,2838137,622,942,80.46709129511677
826,2013-01-01,2015-07-31,942,942,6859209,776,942,100.0
827,2013-01-01,2015-07-31,942,942,10000214,783,942,100.0
828,2013-01-01,2015-07-31,942,942,4055958,780,942,100.0
829,2013-01-01,2015-07-31,942,942,4624043,781,942,100.0
830,2013-01-01,2015-07-31,942,942,4816406,780,942,100.0
831,2013-01-01,2015-07-31,942,942,9884733,779,942,100.0
832,2013-01-01,2015-07-31,942,942,5115779,781,942,100.0
833,2013-01-01,2015-07-31,942,942,4293342,779,942,100.0
834,2013-01-01,2015-07-31,942,942,4600937,784,942,100.0
835,2013-01-01,2015-07-31,942,942,3979293,769,942,100.0
836,2013-01-01,2015-07-31,942,942,4606682,780,942,100.0
837,2013-01-01,2015-07-31,942,942,2608765,751,942,100.0
838,2013-01-01,2015-07-31,942,942,6246047,782,942,100.0
839,2013-01-01,2015-07-31,942,942,4019692,784,942,100.0
840,2013-01-01,2015-07-31,942,942,5738112,784,942,100.0
841,2013-01-01,2015-07-31,942,942,2318635,780,942,100.0
842,2013-01-01,2015-07-31,758,758,11553523,622,942,80.46709129511677
843,2013-01-01,2015-07-31,942,942,7423466,784,942,100.0
844,2013-01-01,2015-07-31,942,942,3255217,779,942,100.0
845,2013-01-01,2015-07-31,942,942,3746964,776,942,100.0
846,2013-01-01,2015-07-31,942,942,7185993,779,942,100.0
847,2013-01-01,2015-07-31,942,942,5518727,776,942,100.0
848,2013-01-01,2015-07-31,942,942,5059150,763,942,100.0
849,2013-01-01,2015-07-31,942,942,6393691,784,942,100.0
850,2013-01-01,2015-07-31,942,942,4787781,773,942,100.0
851,2013-01-01,2015-07-31,758,758,3392054,622,942,80.46709129511677
852,2013-01-01,2015-07-31,942,942,3597687,781,942,100.0
853,2013-01-01,2015-07-31,942,942,7181892,777,942,100.0
854,2013-01-01,2015-07-31,942,942,5130172,780,942,100.0
855,2013-01-01,2015-07-31,942,942,4477596,777,942,100.0
856,2013-01-01,2015-07-31,942,942,5599626,784,942,100.0
857,2013-01-01,2015-07-31,942,942,5815578,781,942,100.0
858,2013-01-01,2015-07-31,758,758,2957986,622,942,80.46709129511677
859,2013-01-01,2015-07-31,758,758,4667332,622,942,80.46709129511677
860,2013-01-01,2015-07-31,942,942,4521003,782,942,100.0
861,2013-01-01,2015-07-31,942,942,2674267,764,942,100.0
862,2013-01-01,2015-07-31,942,942,6715065,784,942,100.0
863,2013-01-01,2015-07-31,942,942,6836861,887,942,100.0
864,2013-01-01,2015-07-31,942,942,3316575,777,942,100.0
865,2013-01-01,2015-07-31,942,942,5894369,779,942,100.0
866,2013-01-01,2015-07-31,942,942,5368119,781,942,100.0
867,2013-01-01,2015-07-31,942,942,3809715,880,942,100.0
868,2013-01-01,2015-07-31,942,942,7480652,781,942,100.0
869,2013-01-01,2015-07-31,942,942,4659180,780,942,100.0
870,2013-01-01,2015-07-31,942,942,5349346,772,942,100.0
871,2013-01-01,2015-07-31,942,942,4889449,781,942,100.0
872,2013-01-01,2015-07-31,942,942,6649861,779,942,100.0
873,2013-01-01,2015-07-31,942,942,2990009,780,942,100.0
874,2013-01-01,2015-07-31,942,942,3593615,784,942,100.0
875,2013-01-01,2015-07-31,942,942,3943035,779,942,100.0
876,2013-01-01,2015-07-31,942,942,7069345,766,942,100.0
877,2013-01-01,2015-07-31,942,942,5103191,806,942,100.0
878,2013-01-01,2015-07-31,942,942,6801666,780,942,100.0
879,2013-01-01,2015-07-31,758,758,2340576,622,942,80.46709129511677
880,2013-01-01,2015-07-31,942,942,5832985,777,942,100.0
881,2013-01-01,2015-07-31,942,942,3274150,779,942,100.0
882,2013-01-01,2015-07-31,942,942,5081054,769,942,100.0
883,2013-01-01,2015-07-31,942,942,3714779,779,942,100.0
884,2013-01-01,2015-07-31,758,758,3443958,622,942,80.46709129511677
885,2013-01-01,2015-07-31,942,942,4235932,776,942,100.0
886,2013-01-01,2015-07-31,942,942,5018882,779,942,100.0
887,2013-01-01,2015-07-31,942,942,5317050,772,942,100.0
888,2013-01-01,2015-07-31,942,942,6271013,784,942,100.0
889,2013-01-01,2015-07-31,942,942,3232661,780,942,100.0
890,2013-01-01,2015-07-31,758,758,3563801,622,942,80.46709129511677
891,2013-01-01,2015-07-31,942,942,6189692,776,942,100.0
892,2013-01-01,2015-07-31,942,942,5927347,780,942,100.0
893,2013-01-01,2015-07-31,758,758,3978679,622,942,80.46709129511677
894,2013-01-01,2015-07-31,942,942,6529198,771,942,100.0
895,2013-01-01,2015-07-31,942,942,7248912,777,942,100.0
896,2013-01-01,2015-07-31,942,942,5439130,784,942,100.0
897,2013-01-01,2015-07-31,942,942,2717511,778,942,100.0
898,2013-01-01,2015-07-31,942,942,5173270,782,942,100.0
899,2013-01-01,2015-07-31,942,942,4109286,780,942,100.0
900,2013-01-01,2015-07-31,758,758,3635287,622,942,80.46709129511677
901,2013-01-01,2015-07-31,942,942,5669137,784,942,100.0
902,2013-01-01,2015-07-31,758,758,3039385,622,942,80.46709129511677
903,2013-01-01,2015-07-31,758,758,7300878,622,942,80.46709129511677
904,2013-01-01,2015-07-31,758,758,3742423,622,942,80.46709129511677
905,2013-01-01,2015-07-31,942,942,6645066,779,942,100.0
906,2013-01-01,2015-07-31,942,942,8535775,781,942,100.0
907,2013-01-01,2015-07-31,942,942,4884914,779,942,100.0
908,2013-01-01,2015-07-31,942,942,3307400,781,942,100.0
909,2013-01-01,2015-07-31,758,758,6512493,607,942,80.46709129511677
910,2013-01-01,2015-07-31,942,942,4452869,780,942,100.0
911,2013-01-01,2015-07-31,942,942,7749768,784,942,100.0
912,2013-01-01,2015-07-31,942,942,4520528,784,942,100.0
913,2013-01-01,2015-07-31,942,942,6900317,776,942,100.0
914,2013-01-01,2015-07-31,942,942,7453259,784,942,100.0
915,2013-01-01,2015-07-31,758,758,3942303,622,942,80.46709129511677
916,2013-01-01,2015-07-31,942,942,4176608,776,942,100.0
917,2013-01-01,2015-07-31,942,942,5221594,779,942,100.0
918,2013-01-01,2015-07-31,942,942,4046072,780,942,100.0
919,2013-01-01,2015-07-31,758,758,3438093,621,942,80.46709129511677
920,2013-01-01,2015-07-31,758,758,3585330,622,942,80.46709129511677
921,2013-01-01,2015-07-31,942,942,7389638,780,942,100.0
922,2013-01-01,2015-07-31,942,942,5739531,775,942,100.0
923,2013-01-01,2015-07-31,942,942,4167230,784,942,100.0
924,2013-01-01,2015-07-31,942,942,3702496,779,942,100.0
925,2013-01-01,2015-07-31,942,942,5147464,769,942,100.0
926,2013-01-01,2015-07-31,942,942,5655998,779,942,100.0
927,2013-01-01,2015-07-31,942,942,5059388,772,942,100.0
928,2013-01-01,2015-07-31,942,942,6243438,779,942,100.0
929,2013-01-01,2015-07-31,942,942,4559231,784,942,100.0
930,2013-01-01,2015-07-31,942,942,5569973,779,942,100.0
931,2013-01-01,2015-07-31,942,942,3140234,875,942,100.0
932,2013-01-01,2015-07-31,758,758,4607215,623,942,80.46709129511677
933,2013-01-01,2015-07-31,942,942,5718554,780,942,100.0
934,2013-01-01,2015-07-31,942,942,5268860,779,942,100.0
935,2013-01-01,2015-07-31,942,942,4430153,784,942,100.0
936,2013-01-01,2015-07-31,942,942,5496846,779,942,100.0
937,2013-01-01,2015-07-31,942,942,5648895,781,942,100.0
938,2013-01-01,2015-07-31,942,942,7375962,784,942,100.0
939,2013-01-01,2015-07-31,942,942,4656745,779,942,100.0
940,2013-01-01,2015-07-31,942,942,5657022,780,942,100.0
941,2013-01-01,2015-07-31,758,758,3129057,622,942,80.46709129511677
942,2013-01-01,2015-07-31,942,942,4731583,781,942,100.0
943,2013-01-01,2015-07-31,942,942,5428994,779,942,100.0
944,2013-01-01,2015-07-31,942,942,6217518,784,942,100.0
945,2013-01-01,2015-07-31,942,942,3429965,784,942,100.0
946,2013-01-01,2015-07-31,942,942,3274470,779,942,100.0
947,2013-01-01,2015-07-31,942,942,6470539,771,942,100.0
948,2013-01-01,2015-07-31,942,942,6437314,928,942,100.0
949,2013-01-01,2015-07-31,942,942,4194405,784,942,100.0
950,2013-01-01,2015-07-31,942,942,4450296,775,942,100.0
951,2013-01-01,2015-07-31,942,942,6058267,779,942,100.0
952,2013-01-01,2015-07-31,758,758,4085326,622,942,80.46709129511677
953,2013-01-01,2015-07-31,942,942,4162942,782,942,100.0
954,2013-01-01,2015-07-31,942,942,5426552,779,942,100.0
955,2013-01-01,2015-07-31,942,942,3676529,779,942,100.0
956,2013-01-01,2015-07-31,942,942,2992188,776,942,100.0
957,2013-01-01,2015-07-31,942,942,6192726,784,942,100.0
958,2013-01-01,2015-07-31,942,942,3327635,784,942,100.0
959,2013-01-01,2015-07-31,942,942,5528325,784,942,100.0
960,2013-01-01,2015-07-31,942,942,5251132,781,942,100.0
961,2013-01-01,2015-07-31,942,942,5080588,779,942,100.0
962,2013-01-01,2015-07-31,942,942,5125011,766,942,100.0
963,2013-01-01,2015-07-31,942,942,8385406,779,942,100.0
964,2013-01-01,2015-07-31,942,942,7534699,772,942,100.0
965,2013-01-01,2015-07-31,942,942,6626600,781,942,100.0
966,2013-01-01,2015-07-31,942,942,3753283,779,942,100.0
967,2013-01-01,2015-07-31,942,942,6731473,779,942,100.0
968,2013-01-01,2015-07-31,942,942,5609742,780,942,100.0
969,2013-01-01,2015-07-31,942,942,2645117,755,942,100.0
970,2013-01-01,2015-07-31,942,942,2573975,781,942,100.0
971,2013-01-01,2015-07-31,942,942,6392792,773,942,100.0
972,2013-01-01,2015-07-31,942,942,2402627,702,942,100.0
973,2013-01-01,2015-07-31,942,942,5017528,779,942,100.0
974,2013-01-01,2015-07-31,758,758,7178474,622,942,80.46709129511677
975,2013-01-01,2015-07-31,942,942,6010559,779,942,100.0
976,2013-01-01,2015-07-31,942,942,5433498,779,942,100.0
977,2013-01-01,2015-07-31,758,758,2974291,623,942,80.46709129511677
978,2013-01-01,2015-07-31,942,942,5626588,780,942,100.0
979,2013-01-01,2015-07-31,942,942,4898808,782,942,100.0
980,2013-01-01,2015-07-31,942,942,5468281,779,942,100.0
981,2013-01-01,2015-07-31,942,942,5700952,780,942,100.0
982,2013-01-01,2015-07-31,942,942,6285458,780,942,100.0
983,2013-01-01,2015-07-31,942,942,7941077,774,942,100.0
984,2013-01-01,2015-07-31,942,942,4708162,776,942,100.0
985,2013-01-01,2015-07-31,942,942,6516900,777,942,100.0
986,2013-01-01,2015-07-31,942,942,4802035,772,942,100.0
987,2013-01-01,2015-07-31,942,942,5368327,784,942,100.0
988,2013-01-02,2015-07-31,941,941,3683288,784,941,99.89384288747345
989,2013-01-01,2015-07-31,758,758,3260812,622,942,80.46709129511677
990,2013-01-01,2015-07-31,942,942,4999125,780,942,100.0
991,2013-01-01,2015-07-31,942,942,4484520,779,942,100.0
992,2013-01-01,2015-07-31,942,942,4452757,779,942,100.0
993,2013-01-01,2015-07-31,942,942,5942063,780,942,100.0
994,2013-01-01,2015-07-31,942,942,3536283,779,942,100.0
995,2013-01-01,2015-07-31,942,942,7226190,780,942,100.0
996,2013-01-01,2015-07-31,942,942,4993206,767,942,100.0
997,2013-01-01,2015-07-31,942,942,4028334,781,942,100.0
998,2013-01-01,2015-07-31,942,942,3354263,777,942,100.0
999,2013-01-01,2015-07-31,942,942,7163321,780,942,100.0
1000,2013-01-01,2015-07-31,758,758,4635525,622,942,80.46709129511677
1001,2013-01-01,2015-07-31,942,942,4239004,782,942,100.0
1002,2013-01-01,2015-07-31,942,942,4753790,784,942,100.0
1003,2013-01-01,2015-07-31,942,942,5751204,779,942,100.0
1004,2013-01-01,2015-07-31,758,758,3212907,622,942,80.46709129511677
1005,2013-01-01,2015-07-31,942,942,4834459,779,942,100.0
1006,2013-01-01,2015-07-31,942,942,4970130,780,942,100.0
1007,2013-01-01,2015-07-31,942,942,5485024,784,942,100.0
1008,2013-01-01,2015-07-31,942,942,4179585,784,942,100.0
1009,2013-01-01,2015-07-31,758,758,2968299,622,942,80.46709129511677
1010,2013-01-01,2015-07-31,942,942,6957339,784,942,100.0
1011,2013-01-01,2015-07-31,942,942,6137147,779,942,100.0
1012,2013-01-01,2015-07-31,758,758,3762920,622,942,80.46709129511677
1013,2013-01-01,2015-07-31,942,942,3110984,779,942,100.0
1014,2013-01-01,2015-07-31,942,942,9509102,779,942,100.0
1015,2013-01-01,2015-07-31,942,942,4705183,779,942,100.0
1016,2013-01-01,2015-07-31,942,942,4213934,779,942,100.0
1017,2013-01-01,2015-07-31,942,942,5539437,769,942,100.0
1018,2013-01-01,2015-07-31,942,942,9187204,782,942,100.0
1019,2013-01-01,2015-07-31,758,758,5651236,623,942,80.46709129511677
1020,2013-01-01,2015-07-31,942,942,7054345,781,942,100.0
1021,2013-01-01,2015-07-31,942,942,6835866,770,942,100.0
1022,2013-01-01,2015-07-31,942,942,5706179,779,942,100.0
1023,2013-01-01,2015-07-31,942,942,4799042,780,942,100.0
1024,2013-01-01,2015-07-31,942,942,4810209,784,942,100.0
1025,2013-01-01,2015-07-31,942,942,5762189,776,942,100.0
1026,2013-01-01,2015-07-31,942,942,7397085,779,942,100.0
1027,2013-01-01,2015-07-31,758,758,8163847,623,942,80.46709129511677
1028,2013-01-01,2015-07-31,942,942,3686723,779,942,100.0
1029,2013-01-01,2015-07-31,942,942,4224868,780,942,100.0
1030,2013-01-01,2015-07-31,942,942,2816323,780,942,100.0
1031,2013-01-01,2015-07-31,942,942,3773364,779,942,100.0
1032,2013-01-01,2015-07-31,942,942,7172255,780,942,100.0
1033,2013-01-01,2015-07-31,942,942,10870270,784,942,100.0
1034,2013-01-01,2015-07-31,942,942,5072945,780,942,100.0
1035,2013-01-01,2015-07-31,942,942,3803794,780,942,100.0
1036,2013-01-01,2015-07-31,942,942,3884252,779,942,100.0
1037,2013-01-01,2015-07-31,942,942,5387026,780,942,100.0
1038,2013-01-01,2015-07-31,758,758,3668097,622,942,80.46709129511677
1039,2013-01-01,2015-07-31,942,942,6307879,771,942,100.0
1040,2013-01-01,2015-07-31,942,942,6775360,779,942,100.0
1041,2013-01-01,2015-07-31,758,758,3801487,622,942,80.46709129511677
1042,2013-01-01,2015-07-31,942,942,3218244,779,942,100.0
1043,2013-01-01,2015-07-31,942,942,6858406,780,942,100.0
1044,2013-01-01,2015-07-31,942,942,5145309,777,942,100.0
1045,2013-01-01,2015-07-31,942,942,6654188,883,942,100.0
1046,2013-01-01,2015-07-31,942,942,6784716,780,942,100.0
1047,2013-01-01,2015-07-31,942,942,3791124,776,942,100.0
1048,2013-01-01,2015-07-31,942,942,5392653,783,942,100.0
1049,2013-01-01,2015-07-31,758,758,2478906,622,942,80.46709129511677
1050,2013-01-01,2015-07-31,942,942,5771211,781,942,100.0
1051,2013-01-01,2015-07-31,942,942,5737921,766,942,100.0
1052,2013-01-01,2015-07-31,942,942,5662859,779,942,100.0
1053,2013-01-01,2015-07-31,942,942,7002929,784,942,100.0
1054,2013-01-01,2015-07-31,942,942,4730838,784,942,100.0
1055,2013-01-01,2015-07-31,942,942,6197127,783,942,100.0
1056,2013-01-01,2015-07-31,758,758,2415557,623,942,80.46709129511677
1057,2013-01-01,2015-07-31,942,942,5036413,784,942,100.0
1058,2013-01-01,2015-07-31,942,942,5658141,779,942,100.0
1059,2013-01-01,2015-07-31,942,942,6604849,784,942,100.0
1060,2013-01-01,2015-07-31,942,942,5707977,779,942,100.0
1061,2013-01-01,2015-07-31,942,942,5732970,777,942,100.0
1062,2013-01-01,2015-07-31,942,942,4990259,779,942,100.0
1063,2013-01-01,2015-07-31,942,942,3348689,784,942,100.0
1064,2013-01-01,2015-07-31,942,942,7365896,779,942,100.0
1065,2013-01-01,2015-07-31,758,758,2611257,622,942,80.46709129511677
1066,2013-01-01,2015-07-31,942,942,8626583,779,942,100.0
1067,2013-01-01,2015-07-31,758,758,3580348,622,942,80.46709129511677
1068,2013-01-01,2015-07-31,942,942,3451074,777,942,100.0
1069,2013-01-01,2015-07-31,942,942,4930721,782,942,100.0
1070,2013-01-01,2015-07-31,942,942,5515214,784,942,100.0
1071,2013-01-01,2015-07-31,942,942,4725345,784,942,100.0
1072,2013-01-01,2015-07-31,942,942,5314269,779,942,100.0
1073,2013-01-01,2015-07-31,942,942,5668621,779,942,100.0
1074,2013-01-01,2015-07-31,942,942,4014070,780,942,100.0
1075,2013-01-01,2015-07-31,942,942,9004545,784,942,100.0
1076,2013-01-01,2015-07-31,942,942,2820000,779,942,100.0
1077,2013-01-01,2015-07-31,942,942,3497529,779,942,100.0
1078,2013-01-01,2015-07-31,942,942,5289878,777,942,100.0
1079,2013-01-01,2015-07-31,942,942,6783229,781,942,100.0
1080,2013-01-01,2015-07-31,758,758,6338656,622,942,80.46709129511677
1081,2013-01-01,2015-07-31,942,942,4485164,757,942,100.0
1082,2013-01-01,2015-07-31,942,942,5494934,780,942,100.0
1083,2013-01-01,2015-07-31,942,942,4019314,781,942,100.0
1084,2013-01-01,2015-07-31,942,942,4904211,782,942,100.0
1085,2013-01-01,2015-07-31,942,942,5932711,784,942,100.0
1086,2013-01-01,2015-07-31,942,942,5996057,781,942,100.0
1087,2013-01-01,2015-07-31,942,942,4925247,784,942,100.0
1088,2013-01-01,2015-07-31,942,942,3960984,779,942,100.0
1089,2013-01-01,2015-07-31,942,942,7915233,779,942,100.0
1090,2013-01-01,2015-07-31,942,942,5033396,780,942,100.0
1091,2013-01-01,2015-07-31,942,942,6488655,784,942,100.0
1092,2013-01-01,2015-07-31,758,758,7439455,622,942,80.46709129511677
1093,2013-01-01,2015-07-31,942,942,6504285,780,942,100.0
1094,2013-01-01,2015-07-31,758,758,2845473,622,942,80.46709129511677
1095,2013-01-01,2015-07-31,942,942,3739067,782,942,100.0
1096,2013-01-01,2015-07-31,942,942,4250632,779,942,100.0
1097,2013-01-01,2015-07-31,942,942,9179413,942,942,100.0
1098,2013-01-01,2015-07-31,942,942,4102408,780,942,100.0
1099,2013-01-01,2015-07-31,942,942,6914599,893,942,100.0
1100,2013-01-01,2015-07-31,942,942,4167374,771,942,100.0
1101,2013-01-01,2015-07-31,942,942,7818257,784,942,100.0
1102,2013-01-01,2015-07-31,758,758,4353993,622,942,80.46709129511677
1103,2013-01-01,2015-07-31,942,942,3920264,781,942,100.0
1104,2013-01-01,2015-07-31,758,758,3397012,622,942,80.46709129511677
1105,2013-01-01,2015-07-31,942,942,3555802,779,942,100.0
1106,2013-01-01,2015-07-31,942,942,3836971,784,942,100.0
1107,2013-01-01,2015-07-31,758,758,3882362,623,942,80.46709129511677
1108,2013-01-01,2015-07-31,942,942,4482599,780,942,100.0
1109,2013-01-01,2015-07-31,758,758,3064721,622,942,80.46709129511677
1110,2013-01-01,2015-07-31,942,942,3548486,783,942,100.0
1111,2013-01-01,2015-07-31,942,942,4091076,779,942,100.0
1112,2013-01-01,2015-07-31,942,942,7974294,779,942,100.0
1113,2013-01-01,2015-07-31,942,942,5196242,784,942,100.0
1114,2013-01-01,2015-07-31,942,942,16202585,784,942,100.0
1115,2013-01-01,2015-07-31,942,942,4922229,781,942,100.0
