Store,forecast_sales,open_days,promo_days,mean_calendar_day_sales,maximum_daily_sales,closed_days,mean_sales_per_open_day
262,997985.4492042441,48,19,20791.363525088418,29063.134615384617,0,20791.363525088418
1114,877611.8352892651,41,19,18283.57990185969,24195.758620689656,7,21405.16671437232
562,866713.515344251,48,19,18056.531569671894,21657.862068965518,0,18056.531569671894
251,799913.9039400022,41,19,16664.872998750045,24692.51724137931,7,19510.095218048835
842,794340.7102191926,40,19,16548.76479623318,23795.470588235294,8,19858.517755479814
733,736434.801210933,48,19,15342.391691894438,16787.433333333334,0,15342.391691894438
383,707005.0723732123,41,19,14729.27234110859,20632.344827586207,7,17244.026155444204
756,706095.054095673,41,19,14710.313626993187,21076.58620689655,7,17221.830587699344
335,665326.0515857456,48,19,13860.959408036368,22040.689655172413,0,13860.959408036368
586,653161.136688913,41,19,13607.52368101902,19993.39285714286,7,15930.759431436902
320,623980.4362504395,41,19,12999.592421884156,20169.655172413793,7,15219.035030498524
259,610107.5832199286,48,19,12710.574650415178,16464.51923076923,0,12710.574650415178
380,585615.0270527456,41,19,12200.313063598865,18617.758620689656,7,14283.293342749892
769,572381.8451447353,48,19,11924.621773848652,13305.333333333334,0,11924.621773848652
336,565676.0621919642,41,19,11784.917962332589,18639.793103448275,7,13796.977126633274
467,554578.6989960902,41,19,11553.72289575188,16833.655172413793,7,13526.309731611957
768,549288.1097122767,41,19,11443.502285672432,19527.379310344826,7,13397.270968592115
84,548428.9337887078,41,19,11425.602787264746,18130.724137931036,7,13376.315458261166
470,545658.6801974362,41,19,11367.889170779921,16859.35714285714,7,13308.748297498445
1027,543027.7469471705,41,19,11313.078061399385,20439.764705882353,7,13244.579193833426
831,527302.0687777705,41,19,10985.459766203552,17249.620689655174,7,12861.0260677505
192,515454.4791032497,40,19,10738.634981317702,16194.29411764706,8,12886.361977581242
1092,499100.0466386555,40,19,10397.917638305322,15015.235294117647,8,12477.501165966387
108,498120.5291796439,40,19,10377.511024575915,16221.411764705883,8,12453.013229491098
974,496467.8622142563,40,19,10343.080462797006,15759.35294117647,8,12411.696555356408
1014,495359.4234376573,41,19,10319.987988284527,19249.241379310344,7,12081.937157016031
640,492551.70487525524,41,19,10261.493851567817,16560.827586206895,7,12013.45621646964
903,474437.985138391,40,19,9884.124690383147,14878.70588235294,8,11860.949628459775
820,473024.87073220895,40,19,9854.68480692102,15043.117647058823,8,11825.621768305224
432,471665.3587525668,41,19,9826.361640678475,14893.586206896553,7,11504.033140306507
416,470770.5057719558,41,19,9807.71887024908,15055.758620689656,7,11482.20745785258
207,463537.9386149999,41,19,9657.040387812498,17496.827586206895,7,11305.803380853655
532,463306.48984536255,41,19,9652.218538445053,13689.137931034482,7,11300.158288911281
234,460453.7031880991,41,19,9592.785483085398,17861.275862068964,7,11230.578126539001
64,459830.33491798793,41,19,9579.798644124749,15057.206896551725,7,11215.37402238995
909,459710.7785214785,39,19,9577.307885864137,14956.3125,9,11787.455859525091
342,458132.0906857848,40,19,9544.418555953851,15109.35294117647,8,11453.30226714462
539,457547.73368690134,40,19,9532.244451810444,13516.29411764706,8,11438.693342172533
697,457166.4895420128,41,19,9524.3018654586,15388.48275862069,7,11150.402183951532
449,455391.5172388581,41,19,9487.323275809544,15796.137931034482,7,11107.110176557515
527,453341.82470206835,41,19,9444.621347959757,13757.689655172413,7,11057.117675660204
545,452928.9541589404,41,19,9436.01987831126,16352.241379310344,7,11047.04766241318
389,452365.0274707884,41,19,9424.271405641424,14519.758620689656,7,11033.293352946059
729,452036.08597964194,41,19,9417.418457909207,16128.0,7,11025.270389747364
1066,451390.00621200097,41,19,9403.95846275002,13558.379310344828,7,11009.51234663417
1097,450665.1024968285,44,15,9388.85630201726,12761.23076923077,4,10242.388693109739
195,448637.7965472,41,19,9346.6207614,14439.103448275862,7,10942.385281639024
25,447160.34905955475,41,19,9315.840605407391,14214.142857142857,7,10906.349977062311
528,447096.2354469442,41,19,9314.504905144671,15912.793103448275,7,10904.786230413272
645,437797.6489999589,41,19,9120.78435416581,14669.068965517241,7,10677.991439023388
42,436346.2153433469,41,19,9090.546152986393,14740.51724137931,7,10642.59061813041
502,435187.9845827669,41,19,9066.41634547431,14355.310344827587,7,10614.341087384559
533,434843.331313634,41,19,9059.236069034041,15283.379310344828,7,10605.934910088634
388,434400.1079363298,41,19,9050.002248673538,15280.241379310344,7,10595.124583812922
906,432336.02730576106,41,19,9007.000568870022,14052.413793103447,7,10544.781153799051
35,431925.1123393676,41,19,8998.439840403493,16542.344827586207,7,10534.758837545553
358,430466.6404634645,41,19,8968.05500965551,15719.931034482759,7,10499.186352767427
252,428283.2405649989,41,19,8922.56751177081,15655.413793103447,7,10445.93269670729
1080,427377.1039401775,40,19,8903.689665420365,13422.588235294117,8,10684.427598504437
1089,426471.91925064335,41,19,8884.83165105507,13527.448275862069,7,10401.754128064473
587,426036.6563407181,40,19,8875.763673764961,13836.176470588236,8,10650.916408517953
676,424259.53671433515,48,19,8838.740348215315,12600.5,0,8838.740348215315
1101,424021.49030562973,41,19,8833.781048033952,15195.310344827587,7,10341.987568429993
739,422412.0943174473,40,19,8800.251964946818,15534.176470588236,8,10560.302357936182
279,419992.1894987365,41,19,8749.837281223678,16086.823529411764,7,10243.711938993574
434,417547.51009284833,40,19,8698.906460267674,12768.235294117647,8,10438.687752321208
911,415369.2931743502,41,19,8653.526941132297,13965.51724137931,7,10130.958370106104
368,415064.43609733204,41,19,8647.175752027752,15865.172413793103,7,10123.522831642245
333,414693.71510386997,41,19,8639.452397997291,12620.137931034482,7,10114.48085619195
316,413812.16908875585,41,19,8621.086856015747,14993.551724137931,7,10092.979733872095
799,413015.1267792256,41,19,8604.481807900533,13104.206896551725,7,10073.539677542089
713,410174.8546172101,41,19,8545.309471191877,13506.103448275862,7,10004.264746761222
310,409958.2056733455,48,19,8540.79595152803,13515.827586206897,0,8540.79595152803
580,409388.1485137135,41,19,8528.919760702365,12211.896551724138,7,9985.076793017402
157,408146.06692227477,41,19,8503.043060880724,13871.620689655172,7,9954.782120055483
807,407755.2491103183,41,19,8494.901023131632,12394.48275862069,7,9945.249978300446
421,407206.1556100821,41,19,8483.461575210044,12903.26923076923,7,9931.857453904442
431,407057.99929922994,41,19,8480.374985400624,12358.344827586207,7,9928.243885347072
24,405186.40981783747,41,19,8441.383537871614,14281.206896551725,7,9882.59536141067
1064,403937.1292372594,41,19,8415.35685910957,12573.965517241379,7,9852.12510334779
722,403358.90479511325,41,19,8403.31051656486,12478.827586206897,7,9838.022068173494
362,402906.5038058643,41,19,8393.885495955506,13241.620689655172,7,9826.987897704008
578,402444.5179283551,48,19,8384.260790174065,11648.0,0,8384.260790174065
895,400920.50187099597,41,19,8352.51045564575,12794.793103448275,7,9778.548826121852
914,400291.88477113424,41,19,8339.414266065296,12671.068965517241,7,9763.216701734982
27,399920.07686661504,41,19,8331.66826805448,14630.689655172413,7,9754.148216258904
593,396786.8629673009,41,19,8266.392978485435,12274.034482758621,7,9677.72836505612
964,396658.8857201524,41,19,8263.726785836508,13011.862068965518,7,9674.606968784205
1026,395924.0762921506,41,19,8248.41825608647,13789.448275862069,7,9656.684787613429
233,395284.1708164482,41,19,8235.086892009338,12442.793103448275,7,9641.077336986542
615,394660.9617621093,41,19,8222.103370043944,13239.586206896553,7,9625.877116149008
868,394308.7500065818,41,19,8214.76562513712,12743.931034482759,7,9617.286585526384
853,393062.4371686897,41,19,8188.800774347702,12859.0,7,9586.888711431455
644,392643.8756132756,40,19,8180.080741943242,11117.5,8,9816.09689033189
411,390621.3184404634,41,19,8137.94413417632,13682.793103448275,7,9527.349230255204
809,390169.48255146045,41,19,8128.530886488759,14603.48275862069,7,9516.328842718547
938,389941.8261278951,41,19,8123.788044331148,13111.862068965518,7,9510.776247021831
214,389237.8424128972,41,19,8109.121716935359,12577.0,7,9493.605912509687
846,388560.0413972413,41,19,8095.000862442527,14005.344827586207,7,9477.074180420519
36,388474.7900599401,40,19,8093.224792915418,11298.764705882353,8,9711.869751498502
267,387763.11356631044,41,19,8078.398199298134,11495.096153846154,7,9457.636916251475
1010,387454.5014225904,41,19,8071.9687796373,12550.137931034482,7,9450.109790794888
355,386551.52767129586,41,19,8053.15682648533,12383.620689655172,7,9428.086040763314
459,386437.56924115366,41,19,8050.782692524034,13655.965517241379,7,9425.306566857405
387,384453.73028878355,41,19,8009.452714349657,13732.142857142857,7,9376.920250945941
515,383570.9210783009,41,19,7991.060855797936,11267.925925925925,7,9355.388318982948
256,380946.56063625304,41,19,7936.386679921939,13254.57142857143,7,9291.379527713489
76,380940.5801022507,41,19,7936.262085463556,12759.882352941177,7,9291.233661030505
269,379898.63319982484,41,19,7914.554858329684,14369.827586206897,7,9265.820321946947
154,379347.9592190502,41,19,7903.0824837302125,13377.862068965518,7,9252.389249245127
372,379144.49428036175,41,19,7898.84363084087,13292.068965517241,7,9247.426689764921
69,378705.82845340564,41,19,7889.704759445951,11840.931034482759,7,9236.727523253796
82,377940.18476047815,41,19,7873.753849176628,13565.034482758621,7,9218.05328684093
497,377760.1458605862,41,19,7870.003038762213,11637.068965517241,7,9213.66209416064
1112,377243.5709543242,41,19,7859.241061548421,14913.0,7,9201.062706203029
731,377240.6214613218,41,19,7859.179613777537,13335.068965517241,7,9200.99076734931
412,376902.79653581715,40,19,7852.141594496191,12621.066666666668,8,9422.56991339543
71,376659.81608237134,41,19,7847.07950171607,13555.310344827587,7,9186.824782496862
453,376390.50097578584,48,19,7841.468770328872,10835.586206896553,0,7841.468770328872
245,375843.94148502673,41,19,7830.08211427139,11421.931034482759,7,9166.925402073823
7,374787.76793191815,41,19,7808.078498581628,12620.965517241379,7,9141.165071510199
826,373877.0366306343,41,19,7789.104929804881,12350.142857142857,7,9118.9521129423
948,373523.7278053281,48,19,7781.744329277669,10478.75,0,7781.744329277669
574,372276.40288576746,41,19,7755.758393453489,12683.689655172413,7,9079.912265506524
524,372128.79425135086,48,19,7752.68321356981,11739.310344827587,0,7752.68321356981
687,371689.4608671473,41,19,7743.530434732235,11509.655172413793,7,9065.596606515788
493,370667.61078591086,41,19,7722.241891373143,12922.137931034482,7,9040.673433802704
250,370574.3140692641,41,19,7720.298209776335,13347.758620689656,7,9038.397904128393
229,370297.086944273,41,19,7714.522644672354,12012.551724137931,7,9031.636266933487
1053,369227.66807583557,41,19,7692.243084913241,13183.793103448275,7,9005.552879898429
150,367940.8889020691,41,19,7665.4351854597735,12439.655172413793,7,8974.168022001686
344,367112.79440705886,41,19,7648.183216813726,13234.068965517241,7,8953.970595294119
863,366571.722929781,48,19,7636.910894370438,11145.827586206897,0,7636.910894370438
450,365616.042826785,41,19,7617.000892224688,10941.32142857143,7,8917.464459189878
1040,365299.17327782506,41,19,7610.399443288022,13283.241379310344,7,8909.735933605489
1099,364656.79082919186,48,19,7597.016475608164,11264.206896551725,0,7597.016475608164
738,364167.9450772322,41,19,7586.8321891090045,11511.758620689656,7,8882.145001883713
983,363868.1380004103,41,19,7580.586208341881,13101.068965517241,7,8874.832634156348
667,363846.9993809421,41,19,7580.145820436293,12892.172413793103,7,8874.317058071758
1045,363726.13311101694,48,19,7577.627773146186,10784.758620689656,0,7577.627773146186
655,363685.6370651318,41,19,7576.7841055235795,13554.655172413793,7,8870.381391832483
765,363459.2167524654,41,19,7572.067015676363,11717.241379310344,7,8864.858945182083
1059,362527.855756995,41,19,7552.663661604062,11088.344827586207,7,8842.14282334134
308,361530.1146132816,41,19,7531.877387776701,12433.103448275862,7,8817.807673494674
1019,360935.3817868406,41,19,7519.48712055918,13778.058823529413,7,8803.301994800991
913,359411.46500914934,41,19,7487.738854357278,12177.17857142857,7,8766.13329290608
445,359174.305560226,41,19,7482.798032504709,10944.29411764706,7,8760.348916103074
507,359024.2747623514,41,19,7479.672390882321,12575.793103448275,7,8756.689628350034
247,358336.2185932758,41,19,7465.337887359913,12556.51724137931,7,8739.907770567703
637,358254.6051712993,40,19,7463.6376077354025,11641.117647058823,8,8956.365129282483
522,358169.5124679242,41,19,7461.864843081755,11205.35294117647,7,8735.841767510346
448,358107.5203784535,41,19,7460.573341217781,12439.655172413793,7,8734.329765328133
1020,357791.1150884847,41,19,7453.981564343431,10948.793103448275,7,8726.612563133773
129,356936.6602632661,40,19,7436.180422151378,11854.529411764706,8,8923.416506581652
394,356645.94404615875,41,19,7430.123834294974,11736.206896551725,7,8698.681562101432
985,355879.8763916361,41,19,7414.164091492418,11454.413793103447,7,8679.996985161855
888,355803.12233831466,41,19,7412.565048714889,10743.344827586207,7,8678.124935080845
354,355784.06374917965,41,19,7412.167994774576,12120.586206896553,7,8677.660091443406
348,355689.889072692,40,19,7410.20602234775,10914.588235294117,8,8892.2472268173
90,354609.0516331279,41,19,7387.688575690165,11560.48275862069,7,8649.001259344583
1091,354479.24246029666,41,19,7384.984217922847,12856.241379310344,7,8645.835181958455
684,354430.0272345302,40,19,7383.958900719379,12910.529411764706,8,8860.750680863255
707,354136.61422033445,41,19,7377.846129590301,12570.103448275862,7,8637.478395617913
753,353861.8134630927,41,19,7372.121113814432,12155.310344827587,7,8630.775938124212
430,353470.65689898335,40,19,7363.972018728819,11108.70588235294,8,8836.766422474584
213,353240.0370310325,41,19,7359.16743814651,12304.51724137931,7,8615.610659293476
171,352742.9597253576,41,19,7348.81166094495,13563.655172413793,7,8603.486822569697
189,352318.8567501709,41,19,7339.976182295227,11247.0,7,8593.142847565143
1039,350810.7276211589,41,19,7308.55682544081,10124.275862068966,7,8556.359210272167
862,350104.68008157925,41,19,7293.847501699568,11246.51724137931,7,8539.138538575104
965,350101.7531822833,41,19,7293.786524630902,12298.827586206897,7,8539.067150787398
377,349853.79647424043,41,19,7288.620759880009,10718.310344827587,7,8533.019426200986
199,349683.6863001018,41,19,7285.076797918788,12024.344827586207,7,8528.870397563458
696,349277.0367317673,41,19,7276.604931911818,11171.310344827587,7,8518.952115408958
849,348794.66495040857,41,19,7266.555519800178,11022.379310344828,7,8507.186950009966
662,348676.3438641402,41,19,7264.090497169588,12974.724137931034,7,8504.301069857078
1079,347158.0111180091,41,19,7232.458564958523,12711.48275862069,7,8467.26856385388
791,346297.19671510055,41,19,7214.524931564595,12525.379310344828,7,8446.273090612209
894,345858.33037401596,41,19,7205.3818827919995,12688.275862068966,7,8435.569033512584
536,345832.2846523008,41,19,7204.839263589601,11699.48275862069,7,8434.933772007336
674,345827.9693366778,41,19,7204.749361180788,12393.0,7,8434.828520406776
616,345565.673226622,41,19,7199.284858887958,11219.413793103447,7,8428.431054307854
147,345399.4449294133,41,19,7195.821769362778,11792.965517241379,7,8424.376705595447
33,345230.93432320637,41,19,7192.311131733466,10814.448275862069,7,8420.26669080991
158,344641.08926550223,41,19,7180.0226930312965,9931.745098039215,7,8405.88022598786
137,344420.77506611036,40,19,7175.432813877299,10951.058823529413,8,8610.51937665276
146,344064.8884547922,41,19,7168.018509474838,11997.48275862069,7,8391.826547677858
775,343859.5788916965,40,19,7163.741226910344,11242.35294117647,8,8596.489472292413
248,343637.0316066159,41,19,7159.1048251378315,10834.344827586207,7,8381.39101479551
228,343581.09920197784,41,19,7157.939566707872,10449.172413793103,7,8380.026809804338
118,342911.01726619515,41,19,7143.979526379066,12829.724137931034,7,8363.68334795598
128,342367.1814014904,41,19,7132.6496125310505,11899.034482758621,7,8350.419058572938
691,341621.2455235395,41,19,7117.109281740406,11501.896551724138,7,8332.225500574134
742,341547.25436778046,41,19,7115.56779932876,12228.0,7,8330.420838238548
928,340185.5232459846,41,19,7087.198400958012,13280.655172413793,7,8297.207884048405
298,340057.99005994,40,19,7084.541459582084,11099.882352941177,8,8501.449751498501
620,339628.37341775873,40,19,7075.591112869974,10242.0,8,8490.709335443968
951,339327.9317640963,41,19,7069.331911752007,11291.827586206897,7,8276.291018636495
535,338994.03531900333,41,19,7062.3757358125695,11867.827586206897,7,8268.14720290252
29,338508.123042604,41,19,7052.252563387584,12809.620689655172,7,8256.295683965951
490,337761.6865516836,40,19,7036.701803160075,9800.29411764706,8,8444.04216379209
510,337153.79019096255,41,19,7024.037295645053,11571.862068965518,7,8223.263175389331
967,336995.8607119155,41,19,7020.747098164906,11143.344827586207,7,8219.411236875987
694,336650.31127108185,40,19,7013.548151480872,10323.823529411764,8,8416.257781777047
529,336459.754261697,41,19,7009.578213785354,10953.51724137931,7,8206.335469797488
571,336156.1387436093,40,19,7003.252890491861,10578.470588235294,8,8403.903468590233
741,335577.96575294604,41,19,6991.207619853042,10980.206896551725,7,8184.828432998684
857,335197.5112921561,41,19,6983.281485253253,9849.0,7,8175.549055906247
287,335087.4125609684,40,19,6980.9877616868425,10248.764705882353,8,8377.185314024211
20,334633.9037580067,40,19,6971.539661625139,10498.882352941177,8,8365.847593950168
705,334345.52574353263,41,19,6965.531786323597,12545.620689655172,7,8154.768920573967
947,334203.03208316903,41,19,6962.563168399355,9480.689655172413,7,8151.293465443147
455,334161.2273941461,41,19,6961.6922373780435,9995.450980392157,7,8150.2738388816115
699,333919.7868276363,41,19,6956.662225575757,10311.185185185184,7,8144.385044576495
56,333615.5225280467,41,19,6950.323386000972,9789.103448275862,7,8136.9639640987
1061,333402.22971534985,41,19,6945.879785736455,10386.310344827587,7,8131.761700374386
465,332500.31420196494,41,19,6927.089879207603,11481.034482758621,7,8109.763761023535
579,332261.62010104576,41,19,6922.117085438454,11597.931034482759,7,8103.941953684043
665,331968.7708251685,41,19,6916.016058857677,11564.758620689656,7,8096.799288418744
67,331806.35852083506,41,19,6912.632469184064,11979.310344827587,7,8092.838012703294
643,331706.6074540319,41,19,6910.554321958997,10496.758620689656,7,8090.405059854436
492,330797.8686813187,41,19,6891.6222641941395,10866.882352941177,7,8068.240699544359
16,330279.92000475444,41,19,6880.831666765717,11019.586206896553,7,8055.607804994011
11,329655.2815895499,41,19,6867.818366448956,10176.655172413793,7,8040.372721696339
77,329479.9718100823,41,19,6864.166079376715,11377.103448275862,7,8036.096873416642
68,328227.201906506,41,19,6838.066706385541,9459.48076923077,7,8005.541509914779
100,328125.1299847212,40,19,6835.940208015025,10283.764705882353,8,8203.12824961803
872,327819.498350201,41,19,6829.5728822958545,10579.0,7,7995.59752073661
230,327564.75838666584,41,19,6824.265799722205,10049.0,7,7989.384350894289
865,327451.3567239299,41,19,6821.903265081873,9919.206896551725,7,7986.618456681216
162,327219.45670910797,41,19,6817.072014773083,11858.206896551725,7,7980.962358758731
1073,326673.3674734252,41,19,6805.695155696359,10687.793103448275,7,7967.643109107932
484,326342.7400845115,41,19,6798.80708509399,9605.25925925926,7,7959.579026451501
721,325180.3876132363,41,19,6774.59140860909,9347.111111111111,7,7931.228966176495
718,324916.56634229503,41,19,6769.095132131147,10658.448275862069,7,7924.794301031586
319,324115.88145386183,41,19,6752.414196955455,9865.965517241379,7,7905.2654013137035
466,323285.42153701605,41,19,6735.112948687834,11492.172413793103,7,7885.010281390635
12,322949.43060704914,41,19,6728.1131376468575,11383.51724137931,7,7876.815380659736
115,322648.7665305283,40,19,6721.84930271934,10299.633333333333,8,8066.2191632632075
80,322578.1908382516,41,19,6720.378975796909,10429.275862068966,7,7867.760752152479
206,322530.23853910837,41,19,6719.379969564758,11500.620689655172,7,7866.5911838806915
673,322415.7287311017,41,19,6716.994348564619,10706.689655172413,7,7863.798261734189
723,322271.871395729,41,19,6713.9973207443545,10490.51724137931,7,7860.2895462372935
880,322141.30631367536,41,19,6711.277214868237,10562.103448275862,7,7857.105032040862
891,322096.7366841089,41,19,6710.348680918935,10182.42857142857,7,7856.017967905095
101,321741.9685696612,41,19,6702.957678534608,9970.827586206897,7,7847.365087064907
944,321065.84765429475,41,19,6688.871826131141,9802.103448275862,7,7830.874333031579
1051,321015.4500224423,41,19,6687.821875467548,10579.48275862069,7,7829.645122498593
200,320428.8324415396,41,19,6675.600675865408,9412.034482758621,7,7815.337376622918
552,319023.94589464343,41,19,6646.332206138405,13750.137931034482,7,7781.071851088865
370,318945.43318047497,41,19,6644.696524593229,10698.172413793103,7,7779.156906840853
822,318255.03947656543,41,19,6630.313322428447,11149.275862068966,7,7762.318036013791
651,317905.0122005524,41,19,6623.021087511508,10019.275862068966,7,7753.7807853793265
343,317486.3085650643,41,19,6614.298095105506,11275.827586206897,7,7743.568501586934
1011,317368.5873893331,41,19,6611.845570611106,10350.103448275862,7,7740.697253398369
168,317339.97220708465,41,19,6611.24942098093,11660.965517241379,7,7739.999322124016
49,317322.963843263,41,19,6610.895080067979,10177.137931034482,7,7739.584483982024
323,317125.7945128785,41,19,6606.787385684969,9753.413793103447,7,7734.775475923866
159,317091.87615423795,41,19,6606.08075321329,11826.235294117647,7,7733.9481988838525
975,316592.7896817634,41,19,6595.683118370071,10473.103448275862,7,7721.77535809179
140,315718.8003849557,41,19,6577.475008019911,10104.068965517241,7,7700.458545974529
534,315321.2107382813,41,19,6569.191890380861,11778.058823529413,7,7690.7612375190565
859,315260.0924017159,40,19,6567.918591702415,10114.529411764706,8,7881.502310042898
238,314856.66823003703,41,19,6559.5139214591045,10472.0,7,7679.430932439927
796,314618.16794460546,41,19,6554.5451655126135,11403.793103448275,7,7673.6138523074505
179,314069.17774153413,41,19,6543.1078696152945,11283.103448275862,7,7660.223847354491
107,313508.01578215224,41,19,6531.416995461505,9625.51724137931,7,7646.536970296396
1022,313483.77082048485,41,19,6530.911892093434,11934.344827586207,7,7645.9456297679235
122,313454.6611045626,48,19,6530.305439678387,9431.827586206897,0,6530.305439678387
190,313328.9438502674,40,19,6527.686330213904,10340.35294117647,8,7833.223596256685
47,313222.14143701544,41,19,6525.461279937822,9719.620689655172,7,7639.56442529306
678,312775.3474269168,41,19,6516.1530713941,10967.965517241379,7,7628.667010412605
427,312265.1945574034,41,19,6505.52488661257,11636.823529411764,7,7616.2242574976435
790,311940.2566863671,41,19,6498.7553476326475,9701.068965517241,7,7608.298943569929
273,311486.8703349051,41,19,6489.309798643856,11680.793103448275,7,7597.240739875734
300,311401.3256702818,41,19,6487.52761813087,9051.344827586207,7,7595.154284641019
392,311233.2265518565,41,19,6484.025553163677,12221.275862068966,7,7591.054306142842
458,311104.739778737,41,19,6481.348745390354,9655.896551724138,7,7587.92048240822
926,310264.1231150595,41,19,6463.835898230406,10839.206896551725,7,7567.417636952671
403,310164.5077323956,41,19,6461.760577758242,10227.655172413793,7,7564.987993473063
922,309511.0139579688,41,19,6448.14612412435,9534.172413793103,7,7549.049120926068
424,308751.5115771246,41,19,6432.323157856762,9881.448275862069,7,7530.524672612795
299,308700.28338228486,48,19,6431.255903797602,8777.586206896553,0,6431.255903797602
937,308007.95271536725,41,19,6416.832348236818,10505.896551724138,7,7512.389090618713
1060,307892.2176869994,41,19,6414.421201812488,10611.344827586207,7,7509.566285048766
161,307866.5440010578,41,19,6413.886333355371,9275.655172413793,7,7508.940097586776
932,307214.2469354175,41,19,6400.2968111545315,10337.882352941177,7,7493.030413058964
353,307200.3827874524,48,19,6400.007974738593,8471.038461538461,0,6400.007974738593
1050,306945.5584345939,41,19,6394.69913405404,9948.724137931034,7,7486.4770349900955
145,306500.72449021565,39,19,6385.431760212826,10689.764705882353,9,7858.992935646555
1078,306308.936658676,41,19,6381.436180389083,11385.896551724138,7,7470.949674601854
973,305882.4270377925,41,19,6372.550563287344,10604.620689655172,7,7460.547000921769
63,305799.44726083515,41,19,6370.821817934066,9887.310344827587,7,7458.523103922808
1058,305556.91904487024,41,19,6365.76914676813,10414.51724137931,7,7452.607781582201
600,305491.6384168721,41,19,6364.409133684836,9822.551724137931,7,7451.015571143223
553,305471.0582192988,41,19,6363.980379568725,10422.823529411764,7,7450.513615104848
744,305254.56831110065,40,19,6359.47017314793,9433.470588235294,8,7631.364207777517
824,305171.43447522825,41,19,6357.7382182339215,10003.103448275862,7,7443.205718908006
603,304621.4222405604,41,19,6346.279630011675,10116.931034482759,7,7429.790786355132
1048,304468.13298134966,41,19,6343.086103778118,10574.620689655172,7,7426.052023935357
506,304451.6290313654,41,19,6342.742271486779,11287.862068965518,7,7425.649488569888
1007,304218.7158599438,41,19,6337.88991374883,9722.344827586207,7,7419.968679510825
512,303991.2066149537,48,19,6333.150137811535,7774.266666666666,0,6333.150137811535
508,303712.2741516942,41,19,6327.339044826963,10795.607142857143,7,7407.616442724249
487,303438.41815386846,41,19,6321.633711538926,9698.965517241379,7,7400.937028143133
94,302951.42847515637,41,19,6311.488093232424,11130.48275862069,7,7389.059231101375
605,302675.6312132386,41,19,6305.74231694247,10333.275862068966,7,7382.332468615575
785,302606.3147882451,41,19,6304.298224755105,10906.862068965518,7,7380.641824103538
283,302253.2877357936,40,19,6296.9434944957,9655.823529411764,8,7556.332193394841
9,302234.89269598713,41,19,6296.560264499732,10702.586206896553,7,7371.582748682613
1052,302210.5213050019,41,19,6296.05252718754,10703.551724137931,7,7370.988324512242
1025,301994.3324771024,41,19,6291.548593272967,9344.107142857143,7,7365.71542627079
224,301401.33084602974,41,19,6279.19439262562,10170.931034482759,7,7351.251971854384
346,301105.5533485231,41,19,6273.032361427565,9272.689655172413,7,7344.037886549344
1070,300472.23514872603,41,19,6259.838232265126,10289.206896551725,7,7328.59110118844
385,300321.4147940295,40,19,6256.696141542281,11176.35294117647,8,7508.035369850737
784,300198.81935904344,41,19,6254.142069980072,10959.241379310344,7,7321.922423391304
632,299801.7664181479,41,19,6245.870133711414,8966.48275862069,7,7312.23820532068
759,299714.437072182,41,19,6244.050772337126,10804.965517241379,7,7310.108221272732
666,299321.19563349214,41,19,6235.858242364419,10341.206896551725,7,7300.51696667054
661,299241.7285291337,41,19,6234.202677690286,9011.965517241379,7,7298.578744613017
848,299007.73413888254,41,19,6229.327794560053,9429.214285714286,7,7292.8715643629885
792,298626.1907868513,41,19,6221.378974726068,11551.655172413793,7,7283.565628947592
180,298509.5395813831,41,19,6218.948741278815,9600.827586206897,7,7280.72047759471
216,298499.25139393,41,19,6218.734404040209,10289.464285714286,7,7280.469546193414
278,298484.00287881366,41,19,6218.416726641951,9961.620689655172,7,7280.097631190577
81,298162.4601721808,40,19,6211.717920253766,8924.0,8,7454.06150430452
740,298138.7678839069,41,19,6211.224330914727,9734.758620689656,7,7271.677265461144
720,297867.15928884543,41,19,6205.5658185176135,9678.51724137931,7,7265.052665581596
417,297782.2244712123,41,19,6203.796343150257,10701.51724137931,7,7262.981084663715
618,297355.486139506,41,19,6194.905961239708,9583.48275862069,7,7252.572832670878
144,297081.39534583065,40,19,6189.195736371472,9480.764705882353,8,7427.034883645766
901,296881.953573929,41,19,6185.040699456854,10641.206896551725,7,7241.023257900707
943,296812.68139201344,41,19,6183.59752900028,9053.241379310344,7,7239.333692488133
102,296177.78544973757,41,19,6170.370530202866,10874.137931034482,7,7223.848425603355
840,296019.2281561434,41,19,6167.067253252987,9992.689655172413,7,7219.981174540083
132,295699.5364488453,40,19,6160.407009350944,9386.411764705883,8,7392.488411221132
290,295411.28738940944,41,19,6154.401820612697,11009.551724137931,7,7205.153350961205
246,295207.59611096885,41,19,6150.158252311851,9165.931034482759,7,7200.18527099924
491,295113.9368075893,41,19,6148.207016824777,10173.586206896553,7,7197.900897746081
58,294812.26152474975,41,19,6141.922115098953,10824.176470588236,7,7190.5429640182865
604,294807.08831168833,40,19,6141.81433982684,10317.941176470587,8,7370.177207792209
296,294365.94507617987,41,19,6132.623855753747,9854.51724137931,7,7179.657196979997
120,294361.82979696465,41,19,6132.538120770097,10144.413793103447,7,7179.556824316211
724,294004.893132629,41,19,6125.101940263104,9122.206896551725,7,7170.851052015341
1000,293834.7063377799,40,19,6121.556382037081,9082.823529411764,8,7345.867658444497
856,293489.27162247215,41,19,6114.35982546817,9247.586206896553,7,7158.274917621272
866,293194.34431884956,41,19,6108.215506642699,9737.48275862069,7,7151.081568752428
297,292946.0277982094,41,19,6103.042245796029,10709.206896551725,7,7145.02506824901
386,292830.2760100915,41,19,6100.630750210239,10328.965517241379,7,7142.20185390467
896,292549.4053968354,41,19,6094.779279100738,8548.793103448275,7,7135.351351142327
155,292517.5274137627,41,19,6094.11515445339,9903.64705882353,7,7134.573839360066
413,292014.3275988717,40,19,6083.6318249764945,9809.529411764706,8,7300.358189971793
1003,291588.269598814,41,19,6074.755616641959,11233.931034482759,7,7111.90901460522
624,291571.4022516562,41,19,6074.404213576171,10430.655172413793,7,7111.497615894054
633,291052.0336604572,40,19,6063.584034592858,8990.766666666666,8,7276.300841511429
541,290791.58463751955,41,19,6058.158013281657,10766.206896551725,7,7092.477674085842
847,290766.00908782304,41,19,6057.625189329647,9104.0,7,7091.853880190806
406,290519.8260304276,41,19,6052.496375633908,9359.241379310344,7,7085.849415376283
378,290271.96100046486,41,19,6047.332520843018,9393.827586206897,7,7079.803926840606
329,290001.0281116763,41,19,6041.688085659923,10090.448275862069,7,7073.19580760186
304,289924.51769642154,41,19,6040.094118675449,9394.172413793103,7,7071.329699912721
1072,289699.57804049976,41,19,6035.407875843745,10016.344827586207,7,7065.843366841457
954,289309.205104756,41,19,6027.275106349083,10359.793103448275,7,7056.322075725756
976,289109.10749541834,41,19,6023.1064061545485,10838.689655172413,7,7051.441646229716
582,289088.89247126353,41,19,6022.68525981799,10261.620689655172,7,7050.948596860087
350,288081.1122843507,41,19,6001.689839257306,9775.172413793103,7,7026.368592301236
309,287312.3128364326,41,19,5985.673184092346,10658.51724137931,7,7007.617386254454
930,287311.1288160669,41,19,5985.648517001394,9372.896551724138,7,7007.588507708949
623,287237.48392843304,41,19,5984.114248509021,9677.48275862069,7,7005.792290937391
471,287143.16379209026,40,19,5982.149245668547,9437.823529411764,8,7178.579094802257
572,286824.87938187306,41,19,5975.518320455689,9914.689655172413,7,6995.728765411538
226,286765.4017172982,41,19,5974.279202443712,9552.379310344828,7,6994.27809066581
1115,286740.85478525306,41,19,5973.767808026106,9252.586206896553,7,6993.679385006172
802,286597.7829986855,41,19,5970.787145805948,9712.551724137931,7,6990.189829236231
172,286436.73463889054,40,19,5967.431971643553,8687.176470588236,8,7160.918365972264
243,285995.14351139055,41,19,5958.232156487303,10599.70588235294,7,6975.491305155867
960,285834.23392927245,41,19,5954.879873526509,9820.137931034482,7,6971.566681201767
887,285727.9923458101,41,19,5952.666507204377,10386.0,7,6968.975423068539
925,285314.6971111974,41,19,5944.0561898166125,8116.862745098039,7,6958.895051492619
905,285066.10190928215,41,19,5938.8771231100445,9560.965517241379,7,6952.831753884931
980,285053.13850171934,41,19,5938.607052119153,10433.137931034482,7,6952.515573212667
338,285043.78107447276,41,19,5938.412105718183,9522.275862068966,7,6952.287343279823
197,284730.8618737917,41,19,5931.892955703995,8946.551724137931,7,6944.655167653456
371,284602.11509679724,41,19,5929.210731183276,10201.034482758621,7,6941.5150023609085
561,284091.4862087736,41,19,5918.572629349451,9733.689655172413,7,6929.060639238382
3,284059.5345695627,41,19,5917.906970199223,9894.172413793103,7,6928.281330964944
871,283863.81989762693,41,19,5913.829581200561,8521.75,7,6923.507802381145
677,283593.1298260563,40,19,5908.190204709506,10081.470588235294,8,7089.828245651408
498,283491.80067285657,40,19,5906.079180684512,8235.529411764706,8,7087.295016821414
311,283463.1341044263,41,19,5905.4819605088815,9055.896551724138,7,6913.734978156739
962,283316.20480056,41,19,5902.420933345001,10728.551724137931,7,6910.151336599025
934,283057.1480590746,41,19,5897.023917897387,9706.862068965518,7,6903.832879489624
241,283018.90625362773,41,19,5896.227213617244,8975.724137931034,7,6902.900152527505
15,282883.2876156161,41,19,5893.401825325335,9414.0,7,6899.592380868686
51,282458.86073338427,40,19,5884.5595986121725,9030.529411764706,8,7061.471518334607
565,282417.6150485936,41,19,5883.700313512367,10250.172413793103,7,6888.234513380332
359,281647.7190730647,41,19,5867.660814022181,8479.586206896553,7,6869.456562757675
1102,281569.3833519422,40,19,5866.028819832129,9195.117647058823,8,7039.234583798554
540,281310.79547805135,40,19,5860.6415724594035,10212.882352941177,8,7032.769886951284
19,281284.9058940672,41,19,5860.1022061264,9900.0,7,6860.607460830907
806,281195.1931539049,40,19,5858.233190706353,10563.235294117647,8,7029.879828847623
936,281070.1099114881,41,19,5855.627289822668,8874.689655172413,7,6855.368534426539
757,281010.5072457405,41,19,5854.3855676195935,9714.310344827587,7,6853.91481087172
111,280983.4362548829,41,19,5853.821588643394,9212.448275862069,7,6853.254542802022
153,280441.07253313117,41,19,5842.522344440233,10851.655172413793,7,6840.026159344663
907,280325.9356514956,41,19,5840.123659406158,7850.068965517241,7,6837.217942719404
1113,279928.44708261086,41,19,5831.842647554393,8383.51724137931,7,6827.523099575875
732,279889.0823161097,48,19,5831.022548252285,8196.620689655172,0,5831.022548252285
504,279508.17702964204,41,19,5823.087021450876,9054.896551724138,7,6817.2726104790745
746,278803.5877868841,41,19,5808.408078893419,9691.51724137931,7,6800.0875069971735
711,277749.13883959176,41,19,5786.440392491495,9808.117647058823,7,6774.369239990043
441,277476.9080955448,41,19,5780.768918657183,8494.344827586207,7,6767.729465744995
771,277436.3825468649,40,19,5779.924636393019,9466.588235294117,8,6935.909563671623
352,277252.7877817751,41,19,5776.099745453648,8327.241379310344,7,6762.263116628661
70,277191.80088344106,41,19,5774.829185071689,9846.48275862069,7,6760.775631303441
689,277037.06093036564,41,19,5771.605436049284,9383.724137931034,7,6757.001486106479
551,276884.3041255429,41,19,5768.423002615477,8470.413793103447,7,6753.2757103790955
612,276620.5876104288,41,19,5762.9289085506,9566.411764705883,7,6746.843600254361
414,276585.609545269,41,19,5762.20019885977,8262.103448275862,7,6745.990476713878
340,276579.71255330543,41,19,5762.07734486053,9586.48275862069,7,6745.846647641596
671,276421.2487630017,40,19,5758.776015895869,8986.941176470587,8,6910.531219075043
1037,275865.4404716091,41,19,5747.196676491857,8964.827586206897,7,6728.4253773563205
275,275804.14390021743,40,19,5745.919664587863,9621.470588235294,8,6895.103597505436
109,274672.14873225224,41,19,5722.336431921922,8786.48275862069,7,6699.32070078664
886,274662.2492162628,41,19,5722.130192005475,9090.655172413793,7,6699.079249177141
917,273944.342875831,41,19,5707.173809913146,9563.931034482759,7,6681.569338434902
693,273627.09268603293,41,19,5700.56443095902,12255.896551724138,7,6673.8315289276325
410,273530.25619060855,41,19,5698.547003971012,9880.068965517241,7,6671.469663185574
961,273255.2134081037,41,19,5692.81694600216,8875.724137931034,7,6664.761302636675
1044,273248.3470465302,41,19,5692.673896802713,9041.448275862069,7,6664.593830403176
62,272615.7122068454,41,19,5679.494004309279,9127.379310344828,7,6649.163712362083
143,272469.42501050216,41,19,5676.446354385462,10032.862068965518,7,6645.595731963467
927,272387.8940358252,41,19,5674.747792413025,9958.413793103447,7,6643.607171605493
164,272326.2909619792,41,19,5673.464395041233,10172.29411764706,7,6642.1046576092485
1057,271804.0935274371,41,19,5662.585281821605,8259.379310344828,7,6629.368134815539
766,271799.52353235,40,19,5662.490073590626,9061.235294117647,8,6794.988088308751
832,271690.13597041805,41,19,5660.211166050376,8861.137931034482,7,6626.588682205318
184,271663.1237234642,41,19,5659.6484109055045,9379.586206896553,7,6625.929846913761
191,271498.8524975025,40,19,5656.226093697969,8215.35294117647,8,6787.471312437563
369,270005.7985587709,41,19,5625.120803307727,8467.137931034482,7,6585.507281921242
877,269636.58677652513,41,19,5617.428891177607,8275.241379310344,7,6576.502116500613
43,269162.86370293336,41,19,5607.559660477778,9551.689655172413,7,6564.947895193497
1087,269042.6428313066,41,19,5605.055058985555,8593.620689655172,7,6562.015678812357
227,268773.420999371,41,19,5599.446270820229,9105.035714285714,7,6555.449292667585
139,267817.9651231122,40,19,5579.540940064838,9516.64705882353,8,6695.449128077805
692,267573.11700228957,41,19,5574.4399375477,10622.034482758621,7,6526.173585421697
415,267416.1375480327,41,19,5571.169532250681,8530.275862068966,7,6522.344818244699
602,267021.5350559319,41,19,5562.948646998581,8857.51724137931,7,6512.720367217851
209,266973.7099072768,48,19,5561.952289734933,8181.896551724138,0,5561.952289734933
202,266895.16503042186,41,19,5560.315938133789,8423.0,7,6509.638171473704
818,266508.8873535843,41,19,5552.268486533006,10151.551724137931,7,6500.216764721568
657,266045.44286321313,41,19,5542.613392983607,9520.0,7,6488.913240566174
92,265880.6638873268,41,19,5539.180497652641,9804.827586206897,7,6484.894241154312
475,265841.0572978344,41,19,5538.355360371551,8724.714285714286,7,6483.928226776449
920,265803.11954809894,40,19,5537.564990585394,8042.235294117647,8,6645.077988702474
915,265782.01788799436,40,19,5537.125372666549,8793.966666666667,8,6644.550447199859
627,265542.1056575608,41,19,5532.127201199183,8836.448275862069,7,6476.636723355142
670,265071.4701445613,39,19,5522.322294678361,9401.764705882353,9,6796.704362681059
550,264856.7629361809,41,19,5517.849227837102,8284.413793103447,7,6459.921047223925
325,264685.1096044797,41,19,5514.273116759993,8912.07142857143,7,6455.734380597066
625,264679.1820330095,41,19,5514.149625687697,9380.344827586207,7,6455.589805683158
52,264200.535582065,40,19,5504.177824626354,9380.64705882353,8,6605.013389551625
588,263920.5820473796,41,19,5498.345459320408,8482.068965517241,7,6437.087367009258
860,263587.68120090803,41,19,5491.410025018918,7758.206896551724,7,6428.9678341684885
255,263184.72938783345,41,19,5483.015195579864,8509.172413793103,7,6419.139741166669
187,262672.2605912079,41,19,5472.338762316831,8849.068965517241,7,6406.640502224583
1062,262666.9427926729,41,19,5472.227974847352,9265.620689655172,7,6406.51079982129
850,262228.63422106113,41,19,5463.096546272107,9746.275862068966,7,6395.820346855149
984,261950.29539785112,41,19,5457.297820788565,9250.75,7,6389.031595069539
942,261321.88564237696,41,19,5444.205950882853,8950.48275862069,7,6373.704527862853
74,260832.38229954924,41,19,5434.007964573942,9158.642857142857,7,6361.765421940226
885,260466.81368876933,41,19,5426.391951849361,7558.5,7,6352.849114360228
1107,260439.43574464752,41,19,5425.82157801349,10208.70588235294,7,6352.181359625549
112,260406.50441427637,41,19,5425.135508630758,7631.068965517241,7,6351.378156445765
882,259852.38021815423,41,19,5413.59125454488,7896.862068965517,7,6337.862932150103
280,259304.3876914293,41,19,5402.174743571443,7944.448275862069,7,6324.497260766568
770,259289.01498680885,41,19,5401.854478891851,9475.793103448275,7,6324.122316751435
893,258731.33135100195,40,19,5390.23606981254,8079.411764705882,8,6468.283283775048
636,258427.85235059058,41,19,5383.913590637304,11194.29411764706,7,6303.118350014404
1054,258368.28488656937,41,19,5382.672601803529,9580.931034482759,7,6301.665485038277
1005,258309.435954839,41,19,5381.446582392479,8379.655172413793,7,6300.230145239975
272,258290.8835899982,41,19,5381.06007479163,10122.344827586207,7,6299.777648536542
628,258268.1721232707,41,19,5380.586919234806,8794.827586206897,7,6299.223710323676
351,258043.55982707653,41,19,5375.907496397428,9057.137931034482,7,6293.745361636013
1015,258042.8156061834,41,19,5375.891991795487,8280.068965517241,7,6293.727209906912
763,257913.08076592739,41,19,5373.189182623487,8465.137931034482,7,6290.5629455104245
737,257896.2466362375,41,19,5372.838471588281,9571.310344827587,7,6290.152356981403
181,257225.41438953203,41,19,5358.862799781918,10185.941176470587,7,6273.790594866635
75,257157.169432192,41,19,5357.441029837333,7725.758620689655,7,6272.126083712
650,257080.91588999235,40,19,5355.852414374841,7961.941176470588,8,6427.022897249809
516,256942.27747119564,41,19,5352.964113983243,9406.448275862069,7,6266.884816370625
305,256918.52092035068,41,19,5352.4691858406395,8930.310344827587,7,6266.305388301236
66,256201.2140497742,41,19,5337.525292703629,7782.793103448276,7,6248.81009877498
221,256138.3409694753,41,19,5336.215436864069,8144.103448275862,7,6247.276609011593
463,256106.56548577634,41,19,5335.55344762034,9261.0,7,6246.501597214057
1084,256032.0409714723,41,19,5334.00085357234,7805.482758620689,7,6244.683926133471
356,255880.29191845382,41,19,5330.839414967788,7406.793103448276,7,6240.982729718386
1024,255736.28922723953,41,19,5327.839358900824,7837.862068965517,7,6237.470468957062
468,255201.6471943432,41,19,5316.700983215484,8169.192307692308,7,6224.430419374225
303,254459.8403118138,41,19,5301.246673162787,8635.32142857143,7,6206.337568580824
900,254296.21634248106,40,19,5297.837840468355,8400.64705882353,8,6357.405408562026
8,254288.73997359464,41,19,5297.682082783222,9296.758620689656,7,6202.1643895998695
815,254036.36512605043,40,19,5292.424273459384,8133.411764705882,8,6350.909128151261
135,254012.57970325527,41,19,5291.928743817818,8097.275862068966,7,6195.428773250129
823,253617.86103464253,41,19,5283.705438221719,8390.034482758621,7,6185.801488649818
518,253105.80064935065,41,19,5273.037513528138,9064.764705882353,7,6173.312210959772
38,252687.41059276828,41,19,5264.321054016006,9638.137931034482,7,6163.107575433372
542,252596.44965916435,40,19,5262.426034565924,8451.058823529413,8,6314.911241479109
119,252540.7085527,41,19,5261.264761514583,8505.241379310344,7,6159.529476895122
289,252346.12896995558,41,19,5257.211020207408,8630.620689655172,7,6154.783633413551
215,252330.2997140115,39,19,5256.881244041906,9164.411764705883,9,6470.007684974654
1071,252271.42921345687,41,19,5255.654775280352,8121.241379310345,7,6152.961688133094
477,252085.96233766235,40,19,5251.790882034632,8636.529411764706,8,6302.149058441559
514,252084.7203884351,40,19,5251.765008092398,9177.470588235294,8,6302.118009710877
1086,252016.26046111976,41,19,5250.338759606661,10584.862068965518,7,6146.738060027311
428,251262.401307516,40,19,5234.63336057325,8214.941176470587,8,6281.5600326879
509,251220.96283321874,41,19,5233.770059025391,9337.413793103447,7,6127.340556907774
277,250883.38132161956,40,19,5226.737110867074,8763.176470588236,8,6272.084533040489
767,250795.26334767183,41,19,5224.901319743163,9193.758620689656,7,6116.957642626142
803,250790.04584694057,41,19,5224.792621811262,8917.285714285714,7,6116.8303865107455
169,250703.0433510544,41,19,5222.980069813633,8520.785714285714,7,6114.708374415961
890,250131.99191103014,40,19,5211.083164813128,9147.588235294117,8,6253.299797775753
819,249848.20552594165,41,19,5205.170948457117,7968.793103448276,7,6093.858671364431
621,249629.91165722205,41,19,5200.623159525459,7803.551724137931,7,6088.534430663953
281,249366.20738445295,41,19,5195.129320509436,7603.931034482759,7,6082.102619132998
517,249350.47557828645,41,19,5194.801574547634,9290.551724137931,7,6081.718916543572
456,249231.47610006432,41,19,5192.32241875134,8507.862068965518,7,6078.816490245471
629,249201.8961802903,40,19,5191.706170422714,8585.882352941177,8,6230.047404507257
939,249088.39691263993,41,19,5189.341602346665,8615.51724137931,7,6075.326753966828
884,248945.34584239288,40,19,5186.361371716518,9007.941176470587,8,6223.633646059822
1096,248846.34923425096,41,19,5184.298942380228,8651.172413793103,7,6069.423152054901
952,248825.49106481753,40,19,5183.864397183698,7319.941176470588,8,6220.637276620439
1067,248679.54995592643,40,19,5180.823957415134,8141.64705882353,8,6216.98874889816
433,248409.59935433549,48,19,5175.199986548656,7831.275862068966,0,5175.199986548656
174,248323.1899923606,40,19,5173.399791507512,7514.058823529412,8,6208.079749809015
638,247643.22220426632,40,19,5159.233795922215,7541.823529411765,8,6191.080555106658
1041,247568.65070223893,40,19,5157.680222963311,7346.470588235294,8,6189.216267555973
89,247443.9893253805,40,19,5155.0831109454275,8216.588235294117,8,6186.0997331345125
397,247343.11328925556,41,19,5152.981526859491,9006.379310344828,7,6032.75886071355
537,247278.39582398132,41,19,5151.6332463329445,7927.862068965517,7,6031.180385950764
500,246879.7912528648,40,19,5143.328984434683,7196.941176470588,8,6171.9947813216195
31,246838.1651434273,41,19,5142.461773821402,7575.551724137931,7,6020.443052278714
175,246325.88453900756,41,19,5131.789261229324,7626.241379310345,7,6007.948403390428
294,246248.15540942483,41,19,5130.169904363017,8359.724137931034,7,6006.052570961581
855,245803.09953546908,41,19,5120.897906988939,8647.689655172413,7,5995.197549645587
653,245750.6985369551,41,19,5119.806219519898,8237.586206896553,7,5993.919476511101
810,245296.64523992143,41,19,5110.3467758316965,7720.0344827586205,7,5982.845005851742
912,244430.07470848324,41,19,5092.293223093401,6883.634615384615,7,5961.709139231299
647,244355.97979202206,41,19,5090.74957900046,8490.620689655172,7,5959.90194614688
547,244344.31849327142,40,19,5090.506635276488,7806.0,8,6108.6079623317855
929,244088.2908404772,41,19,5085.172725843275,7770.758620689655,7,5953.372947328712
813,243887.24141529948,41,19,5080.984196152072,7907.827586206897,7,5948.469302812182
829,243546.6235895622,41,19,5073.887991449213,7828.827586206897,7,5940.161550964932
935,243072.3351381502,41,19,5064.006982044796,8194.413793103447,7,5928.5935399548825
991,243055.22627427056,41,19,5063.650547380636,7374.103448275862,7,5928.176250591965
393,242993.68781169003,41,19,5062.368496076876,8414.344827586207,7,5926.675312480244
93,242884.1236212044,41,19,5060.085908775091,8586.965517241379,7,5924.0030151513265
658,242758.98543265928,41,19,5057.478863180401,8814.241379310344,7,5920.950864211201
712,242385.29818416876,40,19,5049.693712170182,8242.35294117647,8,6059.632454604219
725,241692.62744710728,41,19,5035.263071814735,7358.689655172414,7,5894.942132856275
409,241352.5911646408,41,19,5028.178982596683,7525.517241379311,7,5886.648564991239
41,240909.06803490626,40,19,5018.938917393881,7940.470588235294,8,6022.726700872657
399,240831.0731327496,40,19,5017.3140235989495,8147.117647058823,8,6020.77682831874
564,240801.07650534293,41,19,5016.689093861311,7650.241379310345,7,5873.196987935194
481,240067.92940693322,41,19,5001.4151959777755,8527.448275862069,7,5855.315351388615
748,238912.59555858688,41,19,4977.345740803893,8329.551724137931,7,5827.1364770387045
701,238586.58820591174,40,19,4970.553920956495,8888.823529411764,8,5964.664705147794
782,238437.9738178657,41,19,4967.457787872202,7278.551724137931,7,5815.560337021115
717,238288.9059958307,41,19,4964.352208246472,9221.448275862069,7,5811.924536483675
685,238261.1483311311,41,19,4963.773923565231,9598.551724137931,7,5811.2475202714895
1012,238176.1801786449,40,19,4962.003753721769,7364.411764705882,8,5954.4045044661225
904,238127.53023153316,40,19,4960.990213156941,8143.705882352941,8,5953.188255788329
235,238119.7542232297,41,19,4960.828212983953,9373.068965517241,7,5807.798883493408
530,237873.56456305078,48,19,4955.699261730225,6142.827586206897,0,4955.699261730225
611,237645.17145501557,40,19,4950.941071979491,7536.588235294118,8,5941.12928637539
160,237455.938286135,41,19,4946.998714294479,7856.931034482759,7,5791.6082508813415
511,237134.86043616553,41,19,4940.309592420115,6905.793103448276,7,5783.777083808915
113,237075.30276488216,40,19,4939.068807601711,7169.764705882353,8,5926.882569122054
631,236949.9711670638,41,19,4936.457732647163,7548.172413793103,7,5779.26758944058
10,236778.8903671541,41,19,4932.8935493157105,7446.0344827586205,7,5775.094887003758
1083,236173.63108628005,41,19,4920.283980964167,7052.275862068966,7,5760.332465519025
663,236117.39784602224,41,19,4919.112455125463,7161.482758620689,7,5758.960923073713
641,235941.37924094356,41,19,4915.445400852991,8525.931034482759,7,5754.667786364477
398,235725.76881516783,41,19,4910.953516982663,7842.206896551724,7,5749.408995491898
301,235694.49409759822,41,19,4910.30196036663,7102.275862068966,7,5748.646197502396
182,235645.53807842167,41,19,4909.282043300452,7871.3448275862065,7,5747.452148254187
734,235351.83137512603,41,19,4903.163153648459,8566.275862068966,7,5740.288570125025
591,235195.6692873324,41,19,4899.909776819425,7273.0344827586205,7,5736.479738715424
341,235069.1348232301,41,19,4897.273642150627,7652.758620689655,7,5733.393532273904
258,234307.1073309044,40,19,4881.398069393842,7674.294117647059,8,5857.67768327261
598,234241.17084680026,40,19,4880.024392641672,7395.764705882353,8,5856.029271170007
499,234126.24033105042,41,19,4877.630006896884,7342.620689655172,7,5710.396105635376
778,233904.73872891814,40,19,4873.015390185795,7862.588235294118,8,5847.618468222953
391,233630.37221965156,41,19,4867.299421242741,8921.793103448275,7,5698.301761454916
690,233605.37788659145,41,19,4866.778705970655,7625.482758620689,7,5697.692143575401
21,233320.40658608815,41,19,4860.841803876837,8489.448275862069,7,5690.74162405093
253,233044.78134639072,41,19,4855.09961138314,9635.0,7,5684.019057229042
166,232828.95800298857,41,19,4850.6032917289285,7071.448275862069,7,5678.755073243624
1016,232801.10559016393,41,19,4850.023033128416,9143.448275862069,7,5678.075746101559
295,232778.26406390642,41,19,4849.54716799805,7532.586206896552,7,5677.518635705034
1103,232570.36605637407,41,19,4845.215959507793,7628.620689655172,7,5672.44795259449
79,232233.85941687928,41,19,4838.205404518319,8666.586206896553,7,5664.240473582421
312,231881.04524583364,41,19,4830.855109288201,8679.172413793103,7,5655.6352498983815
706,231719.62681142386,40,19,4827.492225237997,7450.529411764706,8,5792.990670285597
99,230848.86026326614,40,19,4809.351255484711,7807.64705882353,8,5771.221506581654
1038,230749.4950813892,40,19,4807.281147528942,7825.64705882353,8,5768.73737703473
141,230714.462441322,41,19,4806.551300860875,7741.586206896552,7,5627.1820107639505
152,230632.9326130925,41,19,4804.852762772761,8466.48275862069,7,5625.19347836811
695,230566.69913760334,41,19,4803.47289870007,9704.241379310344,7,5623.578027746423
126,229996.2107644357,41,19,4791.587724259077,7899.241379310345,7,5609.663677181358
716,229881.82417288594,40,19,4789.204670268457,7522.35294117647,8,5747.045604322148
950,229529.11410788112,40,19,4781.85654391419,8471.896551724138,8,5738.227852697028
451,229442.31670886168,41,19,4780.048264767952,7364.827586206897,7,5596.154066069797
331,229401.1771346374,41,19,4779.191190304946,7519.206896551724,7,5595.150661820425
204,229330.39481400952,40,19,4777.716558625199,7429.64705882353,8,5733.259870350238
659,229250.6639894921,41,19,4776.055499781086,8092.793103448276,7,5591.479609499807
14,229153.00666262236,41,19,4774.020972137966,7800.448275862069,7,5589.097723478594
288,228644.95237997296,40,19,4763.436507916103,8441.941176470587,8,5716.123809499324
23,228634.29499804464,41,19,4763.21447912593,8418.793103448275,7,5576.446219464504
774,228572.7483073565,41,19,4761.93225640326,7439.137931034483,7,5574.945080667231
1008,228400.2267842186,41,19,4758.338058004554,7866.3448275862065,7,5570.737238639478
575,227962.48763197588,41,19,4749.2184923328305,10504.941176470587,7,5560.060673950631
98,227941.16258303876,41,19,4748.774220479974,7513.758620689655,7,5559.540550805824
548,227935.87031093662,41,19,4748.6639648111795,8278.785714285714,7,5559.411470998454
916,227845.3289288511,41,19,4746.777686017731,7063.714285714285,7,5557.203144606124
244,227407.47829297726,41,19,4737.65579777036,9240.793103448275,7,5546.523860804324
284,227194.64846330142,40,19,4733.2218429854465,7994.529411764706,8,5679.8662115825355
992,226977.26013209973,41,19,4728.692919418744,7608.620689655172,7,5536.030734929262
285,226866.50703437824,41,19,4726.385563216213,6750.788461538462,7,5533.329439862884
835,226718.40241988286,41,19,4723.3000504142265,8289.17857142857,7,5529.717132192265
1004,226477.86821707705,40,19,4718.288921189105,8382.411764705883,8,5661.946705426926
249,226413.79882884066,41,19,4716.954142267514,7178.724137931034,7,5522.287776313187
805,225801.7045425163,40,19,4704.2021779690895,8475.235294117647,8,5645.042613562908
519,225773.5686994082,41,19,4703.616014571005,7568.0,7,5506.672407302639
136,225233.74138802374,40,19,4692.369612250494,8263.411764705883,8,5630.843534700593
833,224494.3391441025,41,19,4676.9653988354685,7395.275862068966,7,5475.471686441524
339,223932.38571678638,41,19,4665.258035766383,6847.586206896552,7,5461.7655052874725
53,223636.11281041132,41,19,4659.085683550235,7592.448275862069,7,5454.539336839301
367,223622.70999793144,41,19,4658.806458290238,8225.103448275862,7,5454.212438973937
149,223548.5367955574,40,19,4657.261183240779,7726.058823529412,8,5588.713419888934
919,223415.9789122642,39,19,4654.49956067217,8170.588235294118,9,5728.61484390421
201,223327.23961555638,41,19,4652.650825324091,6686.310344827586,7,5447.005844281863
334,223292.25024263398,41,19,4651.921880054874,7103.068965517241,7,5446.152444942292
566,223243.63874869092,41,19,4650.909140597728,7268.517241379311,7,5444.966798748559
447,223108.16325086707,41,19,4648.086734393064,6995.241379310345,7,5441.662518313831
239,222404.87669907088,41,19,4633.434931230643,7587.827586206897,7,5424.509187782217
728,222373.41287738484,41,19,4632.779434945517,6435.379310344828,7,5423.741777497191
773,222309.83127586223,41,19,4631.45481824713,6795.068965517241,7,5422.191006728347
326,222089.9290987496,41,19,4626.873522890616,6809.724137931034,7,5416.827538993893
127,221815.33693561342,41,19,4621.152852825279,7971.588235294118,7,5410.130169161303
418,221340.71498274928,41,19,4611.264895473943,8166.928571428572,7,5398.554023969495
495,221285.847054134,41,19,4610.121813627792,7927.413793103448,7,5397.215781808147
45,220712.1090673787,41,19,4598.168938903723,7252.413793103448,7,5383.222172375091
440,220662.50381202955,41,19,4597.135496083949,7147.172413793103,7,5382.012288098282
317,220591.16114767586,40,19,4595.649190576581,6963.764705882353,8,5514.779028691896
46,219666.32837456663,40,19,4576.381841136805,8042.117647058823,8,5491.6582093641655
193,219229.3871849344,41,19,4567.278899686134,8471.172413793103,7,5347.0582240227905
188,219143.2088367772,41,19,4565.483517432858,7979.3448275862065,7,5344.956313092127
589,218740.97033749192,41,19,4557.103548697748,8602.724137931034,7,5335.145617987608
563,218709.746713548,41,19,4556.45305653225,6867.827586206897,7,5334.384066184098
568,218591.0749344359,41,19,4553.980727800747,6475.6551724137935,7,5331.489632547217
365,218476.5336761278,39,19,4551.594451585996,7744.0,9,5601.962401951994
736,218406.5445054945,40,19,4550.1363438644685,7284.882352941177,8,5460.163612637362
680,218150.3746369073,41,19,4544.799471602236,6359.211538461538,7,5320.740844802617
457,218102.08824704707,40,19,4543.793505146814,7542.411764705882,8,5452.552206176177
176,217526.8229210834,41,19,4531.808810855904,8463.344827586207,7,5305.532266367888
472,217259.04379732377,41,19,4526.230079110912,6734.793103448276,7,5299.001068227409
1036,217226.95961889185,41,19,4525.561658726913,6895.689655172414,7,5298.218527290045
1088,217142.690784217,41,19,4523.806058004521,7611.0344827586205,7,5296.163189858951
597,217057.278681114,41,19,4522.026639189875,6574.172413793103,7,5294.079967832049
989,216878.56334253983,40,19,4518.30340296958,7388.882352941177,8,5421.9640835634955
1104,216662.037950285,40,19,4513.792457297604,7248.882352941177,8,5416.550948757125
337,216596.96222507296,41,19,4512.436713022354,6140.586206896552,7,5282.852737196901
752,216449.87795185042,41,19,4509.372457330217,8927.241379310344,7,5279.2653158987905
581,216417.15221371996,41,19,4508.690671119166,8566.068965517241,7,5278.467127163902
521,216245.41832263776,41,19,4505.11288172162,6697.068965517241,7,5274.278495674092
941,216042.20019686196,40,19,4500.8791707679575,7747.176470588235,8,5401.055004921549
986,215860.44649807768,41,19,4497.092635376618,7241.103448275862,7,5264.888938977504
1105,215023.65478556877,41,19,4479.65947469935,8163.172413793103,7,5244.479385013872
130,214436.58347653513,41,19,4467.428822427815,6774.413793103448,7,5230.160572598418
1100,214322.01947997863,41,19,4465.042072499555,8455.379310344828,7,5227.366328779966
955,214176.2319325695,41,19,4462.0048319285315,7293.689655172414,7,5223.81053494072
567,213811.48888002522,41,19,4454.406018333859,7716.931034482759,7,5214.914362927444
183,213693.8118881119,40,19,4451.954414335664,7618.25,8,5342.345297202797
531,213633.29633216193,41,19,4450.693673586707,6274.241379310345,7,5210.568203223462
714,213551.06452153984,41,19,4448.980510865414,6776.413793103448,7,5208.56254930585
347,213152.64227051233,41,19,4440.68004730234,6080.862068965517,7,5198.84493342713
867,212454.47345782653,48,19,4426.1348637047195,6403.551724137931,0,4426.1348637047195
314,212154.26097704266,41,19,4419.880437021722,7742.793103448276,7,5174.494170171773
590,212118.690924693,41,19,4419.139394264437,6590.206896551724,7,5173.626607919341
39,211927.11124405966,41,19,4415.148150917909,8399.724137931034,7,5168.953932781943
851,211798.64045072574,40,19,4412.471676056786,6600.64705882353,8,5294.966011268143
485,211739.39250455427,40,19,4411.23734384488,6758.058823529412,8,5293.484812613857
426,211253.80693007202,41,19,4401.120977709834,7315.413793103448,7,5152.53187634322
61,211111.5346101777,41,19,4398.156971045369,6854.793103448276,7,5149.061819760432
429,210944.05970206263,40,19,4394.667910459638,7355.529411764706,8,5273.601492551566
750,210345.46155609097,40,19,4382.197115751896,6960.35294117647,8,5258.636538902274
1106,209682.85333081044,41,19,4368.3927777252175,7188.241379310345,7,5114.215934897816
554,208951.31651040114,41,19,4353.152427300024,6419.517241379311,7,5096.373573424418
997,208581.01894954953,41,19,4345.437894782282,7888.206896551724,7,5087.341925598769
265,208362.77719771385,41,19,4340.891191619038,8215.068965517241,7,5082.018956041801
801,208125.73177166827,41,19,4335.952745243089,7581.827586206897,7,5076.237360284592
194,208122.54708685254,41,19,4335.886397642761,6146.862068965517,7,5076.159685045184
585,207809.87100554784,41,19,4329.37231261558,6715.724137931034,7,5068.533439159703
404,207281.394837837,41,19,4318.362392454937,7147.0344827586205,7,5055.64377653261
1028,207221.8973626823,41,19,4317.122861722548,8427.379310344828,7,5054.192618602007
646,206349.2243227361,40,19,4298.9421733903355,6448.235294117647,8,5158.730608068402
719,206322.4826320738,40,19,4298.385054834871,6367.705882352941,8,5158.062065801845
91,206283.70662625143,41,19,4297.577221380238,7046.517241379311,7,5031.309917713449
793,206088.6589969403,41,19,4293.513729102923,8741.724137931034,7,5026.552658461958
816,205697.87174169472,41,19,4285.372327951974,6604.172413793103,7,5017.021261992554
105,205259.65425427724,41,19,4276.242796964109,7458.137931034483,7,5006.333030592128
797,204910.51462361167,40,19,4268.969054658576,6723.882352941177,8,5122.762865590292
584,204887.13080375397,41,19,4268.481891744875,6567.068965517241,7,4997.247092774487
231,204167.1294205794,40,19,4253.481862928737,7113.294117647059,8,5104.178235514485
601,204116.37484848153,41,19,4252.424476010032,6461.482758620689,7,4978.448167036135
804,203971.32252453428,40,19,4249.402552594464,6378.35294117647,8,5099.283063113357
875,203932.2241581781,41,19,4248.588003295377,7451.3448275862065,7,4973.956686784832
131,203858.76992035558,41,19,4247.057706674074,6592.413793103448,7,4972.165120008673
660,203827.7344214609,40,19,4246.411133780435,8081.882352941177,8,5095.693360536522
364,203669.65850745369,41,19,4243.117885571952,6347.206896551724,7,4967.552646523261
776,203600.7549438166,41,19,4241.682394662846,7401.75,7,4965.872071800405
825,203300.04871305166,40,19,4235.41768152191,6685.0,8,5082.501217826291
13,203235.43309729488,39,19,4234.07152286031,7479.64705882353,9,5211.16495121269
845,203066.4811312513,41,19,4230.551690234402,6128.857142857143,7,4952.841003201251
446,202810.47506199792,41,19,4225.21823045829,7520.827586206897,7,4946.5969527316565
758,202742.24293955645,41,19,4223.796727907426,6750.857142857143,7,4944.932754623328
1047,202550.4728224505,41,19,4219.801517134386,7163.035714285715,7,4940.255434693915
994,202479.1636194508,41,19,4218.315908738558,8335.586206896553,7,4938.5161858402635
218,202265.82915319974,40,19,4213.8714406916615,6931.941176470588,8,5056.6457288299935
501,202114.3666157372,40,19,4210.715971161192,6876.058823529412,8,5052.85916539343
966,202103.01718637752,41,19,4210.479524716198,6362.551724137931,7,4929.341882594574
858,202041.4987159899,40,19,4209.197889916456,6642.0,8,5051.037467899748
1111,202037.43411602068,41,19,4209.113210750431,8074.413793103448,7,4927.7422955126995
420,201718.3296644532,40,19,4202.465201342775,6565.470588235294,8,5042.95824161133
268,201685.696976778,41,19,4201.785353682875,6977.275862068966,7,4919.163340897025
1031,201185.57649098165,41,19,4191.366176895451,7827.551724137931,7,4906.965280267845
452,200652.61847696698,41,19,4180.262884936812,7334.862068965517,7,4893.966304316268
408,200535.14675527654,41,19,4177.815557401595,6589.3448275862065,7,4891.101140372599
505,200436.22827901048,41,19,4175.754755812718,6772.413793103448,7,4888.688494610012
549,200096.2735676118,41,19,4168.672365991913,6036.206896551724,7,4880.3969162832145
220,199844.82798073842,41,19,4163.433916265384,6598.928571428572,7,4874.264097091181
217,199645.3622558601,41,19,4159.278380330418,5932.448275862069,7,4869.3990794112215
874,199224.67238968762,41,19,4150.514008118492,6459.896551724138,7,4859.138350967991
461,199092.27005028806,41,19,4147.755626047668,6095.0344827586205,7,4855.909025616782
577,198851.9132970228,41,19,4142.748193687975,6599.103448275862,7,4850.046665781044
274,198559.32897589667,43,19,4136.652686997847,7039.403846153846,5,4617.658813392946
1109,198197.45894693543,40,19,4129.113728061155,7391.058823529412,8,4954.936473673386
170,197747.00869885914,41,19,4119.729347892899,6632.068965517241,7,4823.097773142906
73,196949.82994307874,41,19,4103.121457147474,6856.3448275862065,7,4803.654388855579
883,196634.51125459044,41,19,4096.5523178039675,6720.241379310345,7,4795.9636891363525
749,196357.7452198525,41,19,4090.7863587469274,7524.896551724138,7,4789.213298045183
373,196010.10798806098,41,19,4083.543916417937,5900.3448275862065,7,4780.734341172219
800,195919.1701954345,41,19,4081.649379071552,6882.310344827586,7,4778.51634623011
1094,195818.5112916495,40,19,4079.5523185760317,6066.470588235294,8,4895.462782291238
1009,195401.45225362873,40,19,4070.863588617265,6313.411764705882,8,4885.0363063407185
86,195184.11215755757,41,19,4066.335669949116,6710.464285714285,7,4760.588101403843
212,193900.71008539188,41,19,4039.5981267789975,6159.172413793103,7,4729.285611838826
924,193500.60398827196,41,19,4031.2625830889992,6977.137931034483,7,4719.526926543219
710,193456.11987130516,40,19,4030.335830652191,7225.64705882353,8,4836.402996782629
555,193017.32392019744,40,19,4021.1942483374464,6802.294117647059,8,4825.433098004936
1068,192941.5700922457,41,19,4019.616043588452,6335.137931034483,7,4705.891953469408
40,192198.87725629163,41,19,4004.1432761727424,5341.482758620689,7,4687.777494055893
669,192001.07147558325,40,19,4000.022322407984,5835.176470588235,8,4800.026786889581
422,191917.5156020724,41,19,3998.281575043175,5748.068965517241,7,4680.915014684693
1,191514.86523682048,41,19,3989.893025767093,5673.103448275862,7,4671.094274068792
1056,191400.38001998002,41,19,3987.507917082917,6587.705882352941,7,4668.30195170683
988,191375.29369857197,41,19,3986.985285386916,5947.9655172413795,7,4667.690090209073
30,191125.05331565818,41,19,3981.771944076212,6556.357142857143,7,4661.586666235566
795,190452.77740436504,41,19,3967.766195924272,6926.551724137931,7,4645.189692789391
727,189984.03524537265,41,19,3958.000734278597,6458.827586206897,7,4633.756957204211
442,189950.2272103126,41,19,3957.2964002148456,6450.206896551724,7,4632.932370983234
142,189428.6889253107,41,19,3946.4310192773064,6113.620689655172,7,4620.211925007578
977,189131.8376123876,41,19,3940.246616924742,8071.411764705882,7,4612.971649082625
124,189043.0651377138,41,19,3938.3971903690376,5897.666666666667,7,4610.806466773507
639,189032.06526089515,41,19,3938.168026268649,6690.827586206897,7,4610.538177095003
1077,188765.36181874684,41,19,3932.611704557226,6849.862068965517,7,4604.033215091386
852,188738.28670392575,41,19,3932.0476396651197,6570.586206896552,7,4603.372846437213
22,188573.11560498326,40,19,3928.606575103818,6750.823529411765,8,4714.327890124581
1063,188106.62846433095,41,19,3918.888093006895,6700.724137931034,7,4587.966547910511
405,187895.68572036238,41,19,3914.4934525075496,7805.586206896552,7,4582.821602935668
700,187480.68011512893,41,19,3905.8475023985193,6950.758620689655,7,4572.699515003144
777,185882.00230436728,41,19,3872.5417146743184,5808.896551724138,7,4533.707373277251
328,185786.5968306145,41,19,3870.554100637802,6214.137931034483,7,4531.380410502792
110,185534.49567389966,41,19,3865.301993206243,6102.0,7,4525.23160180243
902,184997.81491743552,40,19,3854.12114411324,5558.941176470588,8,4624.945372935888
592,184315.16260714817,41,19,3839.8992209822536,5936.413793103448,7,4495.491770906053
72,184220.59526649822,41,19,3837.929068052046,7804.176470588235,7,4493.1852504023955
486,183455.02179541756,41,19,3821.979620737866,6994.6551724137935,7,4474.512726717501
622,182640.2510861702,41,19,3805.005230961879,6017.448275862069,7,4454.640270394395
945,182237.104962354,41,19,3796.606353382375,5744.6551724137935,7,4444.807438106195
998,181522.84837886633,41,19,3781.7260078930485,5736.862068965517,7,4427.386545826008
345,181360.621904566,40,19,3778.3462896784586,6575.941176470588,8,4534.01554761415
306,181113.98468590234,40,19,3773.208014289632,6103.117647058823,8,4527.849617147558
50,180377.27968049972,41,19,3757.859993343744,6549.137931034483,7,4399.445845865846
315,178786.60012510396,41,19,3724.720835939666,5916.517241379311,7,4360.648783539121
557,178389.94203305145,41,19,3716.457125688572,6371.275862068966,7,4350.974195928085
619,177581.97830698712,40,19,3699.6245480622315,6745.882352941177,8,4439.549457674678
762,177170.5865760906,41,19,3691.0538870018877,5966.0344827586205,7,4321.233818929039
263,176967.95736028676,40,19,3686.832445005974,5481.433333333333,8,4424.198934007169
864,176099.72719474233,41,19,3668.7443165571317,5665.9655172413795,7,4295.11529743274
881,175666.0109814204,41,19,3659.708562112925,6677.931034482759,7,4284.536853205375
330,174935.77149262777,41,19,3644.495239429745,5336.551724137931,7,4266.726133966531
610,174451.29748947782,41,19,3634.402031030788,6776.103448275862,7,4254.909694865312
1065,173581.67347358525,40,19,3616.284864033026,5641.235294117647,8,4339.541836839631
702,173225.32099371217,40,19,3608.8608540356704,5941.705882352941,8,4330.633024842804
570,173142.28778905683,41,19,3607.1309956053506,6175.9655172413795,7,4222.982629001386
931,172674.6929236914,48,19,3597.3894359102374,4967.310344827586,0,3597.3894359102374
946,171489.71859823208,41,19,3572.7024707965015,5899.620689655172,7,4182.676063371514
837,170763.6465529889,41,19,3557.5759698539355,5942.0344827586205,7,4164.966989097291
811,170605.03087235102,41,19,3554.271476507313,5248.9655172413795,7,4161.098313959781
1042,170243.49427102722,41,19,3546.7394639797335,5755.896551724138,7,4152.280348073835
844,169851.72402367697,41,19,3538.5775838266036,6446.517241379311,7,4142.724976187244
751,169304.64174046795,41,19,3527.180036259749,5772.862068965517,7,4129.381505865072
908,169184.11185259852,41,19,3524.668996929136,6821.137931034483,7,4126.441752502403
407,168111.74730563554,40,19,3502.328068867407,5467.529411764706,8,4202.793682640889
242,167776.63623804148,41,19,3495.3465882925307,6839.172413793103,7,4092.1130789766216
395,167480.2981501928,41,19,3489.1728781290167,5217.620689655172,7,4084.88532073641
32,165361.35263951734,39,19,3445.0281799899444,6143.882352941177,9,4240.034683064548
520,165183.07621481468,41,19,3441.314087808639,5367.310344827586,7,4028.8555174345042
1076,164997.48180852915,41,19,3437.4475376776904,5636.862068965517,7,4024.3288245982717
379,164157.10839749122,41,19,3419.939758281067,5663.586206896552,7,4003.8319121339323
772,163679.89057609058,41,19,3409.9977203352205,4878.6551724137935,7,3992.19245307538
83,163145.5265022887,41,19,3398.865135464348,5366.931034482759,7,3979.159182982651
675,162237.74296494483,41,19,3379.952978436351,5969.964285714285,7,3957.0181210962155
1013,161995.62950099944,41,19,3374.9089479374884,6235.551724137931,7,3951.1129146585226
302,161094.63117145223,41,19,3356.138149405255,5028.827586206897,7,3929.1373456451765
186,161073.9560704002,40,19,3355.7074181333373,5623.529411764706,8,4026.848901760005
1049,160680.60778045485,40,19,3347.5126620928095,5309.882352941177,8,4017.015194511371
117,160410.83455223622,41,19,3341.8923865049214,5495.758620689655,7,3912.4593793228346
538,160138.13580039816,41,19,3336.211162508295,5771.0344827586205,7,3905.8081902536137
969,159661.30642805668,41,19,3326.277217251181,5013.827586206897,7,3894.178205562358
861,158406.71800800008,41,19,3300.1399585000017,4762.357142857143,7,3863.578488000002
764,158093.01504563482,41,19,3293.604480117392,5047.586206896552,7,3855.927196234996
165,157687.9874801669,40,19,3285.16640583681,5170.941176470588,8,3942.199687004172
573,156775.35208614916,40,19,3266.1531684614406,5700.64705882353,8,3919.383802153729
681,153306.25500733845,41,19,3193.880312652884,4905.3448275862065,7,3739.1769513984987
789,152814.06741010066,41,19,3183.626404377097,4056.0,7,3727.172375856114
488,152588.98155115749,41,19,3178.9371156491143,5158.862068965517,7,3721.6824768574998
48,151920.8030974939,41,19,3165.0167311977893,5049.3448275862065,7,3705.38544140229
642,151084.0781438476,41,19,3147.5849613301584,4530.3448275862065,7,3684.9775157036
473,146068.94127078934,41,19,3043.1029431414445,5157.620689655172,7,3562.6571041655934
897,144102.10846243546,41,19,3002.127259634072,4204.037037037037,7,3514.6855722545233
956,141652.98488123523,41,19,2951.1038516924004,5092.75,7,3454.9508507618348
425,138586.0815108934,41,19,2887.2100314769455,4721.392857142857,7,3380.148329533985
879,137780.21581163935,35,15,2870.4211627424866,5695.0,13,3936.577594618267
656,137249.46769303494,41,19,2859.363910271561,4076.448275862069,7,3347.547992513047
210,135595.95285709578,41,19,2824.9156845228285,4409.551724137931,7,3307.21836236819
219,131478.3582730407,41,19,2739.1324640216812,4302.896551724138,7,3206.7892261717247
254,130824.79268237666,41,19,2725.5165142161804,4230.551724137931,7,3190.848602009187
970,130327.4762309488,41,19,2715.1557548114333,4736.724137931034,7,3178.718932462166
435,129433.24645680725,41,19,2696.525967850151,4394.172413793103,7,3156.9084501660304
558,128323.95557092415,41,19,2673.41574106092,3876.310344827586,7,3129.852574900589
703,119834.4223050494,37,15,2496.5504646885292,4764.103448275862,11,3238.768170406741
543,112459.13435207139,41,19,2342.8986323348204,4700.931034482759,7,2742.90571590418
